Room,BCGTrt,PRRSV,Trt,pig,dpi,date,ID code,TempF,TempC
Rm8,noBCG,Ch,noBCG-Ch,496,0,15-Feb-19,9.85E+14,103.2,39.5
Rm8,noBCG,Ch,noBCG-Ch,496,1,16-Feb-19,9.85E+14,103,39.4
Rm8,noBCG,Ch,noBCG-Ch,496,2,17-Feb-19,9.85E+14,104,40
Rm8,noBCG,Ch,noBCG-Ch,496,3,18-Feb-19,9.85E+14,104.2,40.1
Rm8,noBCG,Ch,noBCG-Ch,496,4,19-Feb-19,9.85E+14,104.6,40.3
Rm8,noBCG,Ch,noBCG-Ch,496,5,20-Feb-19,9.85E+14,103.8,39.9
Rm8,noBCG,Ch,noBCG-Ch,496,6,21-Feb-19,9.85E+14,105,40.5
Rm8,noBCG,Ch,noBCG-Ch,496,7,22-Feb-19,9.85E+14,105,40.5
Rm8,noBCG,Ch,noBCG-Ch,496,8,23-Feb-19,9.85E+14,104.6,40.3
Rm8,noBCG,Ch,noBCG-Ch,496,9,24-Feb-19,9.85E+14,104.8,40.4
Rm8,noBCG,Ch,noBCG-Ch,496,10,25-Feb-19,9.85E+14,105.2,40.7
Rm8,noBCG,Ch,noBCG-Ch,496,11,26-Feb-19,9.85E+14,105.8,41
Rm8,noBCG,Ch,noBCG-Ch,496,12,27-Feb-19,9.85E+14,105.2,40.7
Rm8,noBCG,Ch,noBCG-Ch,496,13,28-Feb-19,9.85E+14,105.2,40.7
Rm8,noBCG,Ch,noBCG-Ch,496,14,1-Mar-19,9.85E+14,104.8,40.4
Rm8,noBCG,Ch,noBCG-Ch,498,0,15-Feb-19,9.85E+14,103.2,39.5
Rm8,noBCG,Ch,noBCG-Ch,498,1,16-Feb-19,9.85E+14,102.8,39.3
Rm8,noBCG,Ch,noBCG-Ch,498,2,17-Feb-19,9.85E+14,103.4,39.7
Rm8,noBCG,Ch,noBCG-Ch,498,3,18-Feb-19,9.85E+14,105.6,40.9
Rm8,noBCG,Ch,noBCG-Ch,498,4,19-Feb-19,9.85E+14,103.4,39.7
Rm8,noBCG,Ch,noBCG-Ch,498,5,20-Feb-19,9.85E+14,103.4,39.7
Rm8,noBCG,Ch,noBCG-Ch,498,6,21-Feb-19,9.85E+14,104.2,40.1
Rm8,noBCG,Ch,noBCG-Ch,498,7,22-Feb-19,9.85E+14,104.2,40.1
Rm8,noBCG,Ch,noBCG-Ch,498,8,23-Feb-19,9.85E+14,104,40
Rm8,noBCG,Ch,noBCG-Ch,498,9,24-Feb-19,9.85E+14,103.8,39.9
Rm8,noBCG,Ch,noBCG-Ch,498,10,25-Feb-19,9.85E+14,104.4,40.2
Rm8,noBCG,Ch,noBCG-Ch,498,11,26-Feb-19,9.85E+14,104.8,40.4
Rm8,noBCG,Ch,noBCG-Ch,498,12,27-Feb-19,9.85E+14,105.6,40.9
Rm8,noBCG,Ch,noBCG-Ch,498,13,28-Feb-19,9.85E+14,105,40.5
Rm8,noBCG,Ch,noBCG-Ch,498,14,1-Mar-19,9.85E+14,104.2,40.1
Rm8,noBCG,Ch,noBCG-Ch,499,0,15-Feb-19,9.85E+14,103.8,39.9
Rm8,noBCG,Ch,noBCG-Ch,499,1,16-Feb-19,9.85E+14,103.4,39.7
Rm8,noBCG,Ch,noBCG-Ch,499,2,17-Feb-19,9.85E+14,104,40
Rm8,noBCG,Ch,noBCG-Ch,499,3,18-Feb-19,9.85E+14,104.2,40.1
Rm8,noBCG,Ch,noBCG-Ch,499,5,20-Feb-19,9.85E+14,104.6,40.3
Rm8,noBCG,Ch,noBCG-Ch,499,6,21-Feb-19,9.85E+14,105,40.5
Rm8,noBCG,Ch,noBCG-Ch,499,7,22-Feb-19,9.85E+14,104.8,40.4
Rm8,noBCG,Ch,noBCG-Ch,499,8,23-Feb-19,9.85E+14,104.6,40.3
Rm8,noBCG,Ch,noBCG-Ch,499,9,24-Feb-19,9.85E+14,104.4,40.2
Rm8,noBCG,Ch,noBCG-Ch,499,10,25-Feb-19,9.85E+14,104.4,40.2
Rm8,noBCG,Ch,noBCG-Ch,499,11,26-Feb-19,9.85E+14,104.6,40.3
Rm8,noBCG,Ch,noBCG-Ch,499,12,27-Feb-19,9.85E+14,104.8,40.4
Rm8,noBCG,Ch,noBCG-Ch,499,13,28-Feb-19,9.85E+14,104.8,40.4
Rm8,noBCG,Ch,noBCG-Ch,499,14,1-Mar-19,9.85E+14,105,40.5
Rm8,noBCG,Ch,noBCG-Ch,500,0,15-Feb-19,9.85E+14,103.6,39.8
Rm8,noBCG,Ch,noBCG-Ch,500,1,16-Feb-19,9.85E+14,103.6,39.8
Rm8,noBCG,Ch,noBCG-Ch,500,2,17-Feb-19,9.85E+14,103.8,39.9
Rm8,noBCG,Ch,noBCG-Ch,500,3,18-Feb-19,9.85E+14,105.6,40.9
Rm8,noBCG,Ch,noBCG-Ch,500,5,20-Feb-19,9.85E+14,104.2,40.1
Rm8,noBCG,Ch,noBCG-Ch,500,6,21-Feb-19,9.85E+14,103.2,39.5
Rm8,noBCG,Ch,noBCG-Ch,500,7,22-Feb-19,9.85E+14,103.8,39.9
Rm8,noBCG,Ch,noBCG-Ch,500,8,23-Feb-19,9.85E+14,105,40.5
Rm8,noBCG,Ch,noBCG-Ch,500,9,24-Feb-19,9.85E+14,103.2,39.5
Rm8,noBCG,Ch,noBCG-Ch,500,10,25-Feb-19,9.85E+14,105,40.5
Rm8,noBCG,Ch,noBCG-Ch,500,12,27-Feb-19,9.85E+14,104.8,40.4
Rm8,noBCG,Ch,noBCG-Ch,500,13,28-Feb-19,9.85E+14,104,40
Rm8,noBCG,Ch,noBCG-Ch,500,14,1-Mar-19,9.85E+14,104,40
Rm9,noBCG,Ch,noBCG-Ch,501,0,15-Feb-19,9.85E+14,103.6,39.8
Rm9,noBCG,Ch,noBCG-Ch,501,1,16-Feb-19,9.85E+14,104,40
Rm9,noBCG,Ch,noBCG-Ch,501,2,17-Feb-19,9.85E+14,103.6,39.8
Rm9,noBCG,Ch,noBCG-Ch,501,3,18-Feb-19,9.85E+14,103.6,39.8
Rm9,noBCG,Ch,noBCG-Ch,501,4,19-Feb-19,9.85E+14,104,40
Rm9,noBCG,Ch,noBCG-Ch,501,5,20-Feb-19,9.85E+14,104,40
Rm9,noBCG,Ch,noBCG-Ch,501,6,21-Feb-19,9.85E+14,104,40
Rm9,noBCG,Ch,noBCG-Ch,501,7,22-Feb-19,9.85E+14,104.2,40.1
Rm9,noBCG,Ch,noBCG-Ch,501,8,23-Feb-19,9.85E+14,104.2,40.1
Rm9,noBCG,Ch,noBCG-Ch,501,9,24-Feb-19,9.85E+14,105,40.5
Rm9,noBCG,Ch,noBCG-Ch,501,10,25-Feb-19,9.85E+14,104.4,40.2
Rm9,noBCG,Ch,noBCG-Ch,501,11,26-Feb-19,9.85E+14,105.4,40.8
Rm9,noBCG,Ch,noBCG-Ch,501,12,27-Feb-19,9.85E+14,105,40.5
Rm9,noBCG,Ch,noBCG-Ch,501,13,28-Feb-19,9.85E+14,104.4,40.2
Rm9,noBCG,Ch,noBCG-Ch,501,14,1-Mar-19,9.85E+14,104.6,40.3
Rm11,noBCG,PRRSVsed,PRRSVsed,502,0,14-Feb-19,9.85E+14,103.2,39.5
Rm8,noBCG,PRRSVsed,PRRSVsed,502,1,16-Feb-19,9.85E+14,103.6,39.8
Rm8,noBCG,PRRSVsed,PRRSVsed,502,2,17-Feb-19,9.85E+14,103.8,39.9
Rm8,noBCG,PRRSVsed,PRRSVsed,502,3,18-Feb-19,9.85E+14,103.8,39.9
Rm8,noBCG,PRRSVsed,PRRSVsed,502,4,19-Feb-19,9.85E+14,104.2,40.1
Rm11,noBCG,PRRSVsed,PRRSVsed,502,5,19-Feb-19,9.85E+14,106.4,41.3
Rm11,noBCG,PRRSVsed,PRRSVsed,502,7,21-Feb-19,9.85E+14,104,40
Rm11,noBCG,PRRSVsed,PRRSVsed,502,8,22-Feb-19,9.85E+14,104.2,40.1
Rm11,noBCG,PRRSVsed,PRRSVsed,502,9,23-Feb-19,9.85E+14,104.4,40.2
Rm11,noBCG,PRRSVsed,PRRSVsed,502,10,24-Feb-19,9.85E+14,104.2,40.1
Rm11,noBCG,PRRSVsed,PRRSVsed,502,11,25-Feb-19,9.85E+14,104.6,40.3
Rm11,noBCG,PRRSVsed,PRRSVsed,502,12,26-Feb-19,9.85E+14,105.2,40.7
Rm11,noBCG,PRRSVsed,PRRSVsed,502,13,27-Feb-19,9.85E+14,103.6,39.8
Rm11,noBCG,PRRSVsed,PRRSVsed,502,14,28-Feb-19,9.85E+14,103.2,39.5
Rm11,noBCG,PRRSVsed,PRRSVsed,502,15,1-Mar-19,9.85E+14,103.8,39.9
Rm11,noBCG,PRRSVsed,PRRSVsed,503,0,14-Feb-19,9.85E+14,103.2,39.5
Rm8,noBCG,PRRSVsed,PRRSVsed,503,1,16-Feb-19,9.85E+14,103.6,39.8
Rm8,noBCG,PRRSVsed,PRRSVsed,503,2,17-Feb-19,9.85E+14,103.4,39.7
Rm8,noBCG,PRRSVsed,PRRSVsed,503,3,18-Feb-19,9.85E+14,103.2,39.5
Rm8,noBCG,PRRSVsed,PRRSVsed,503,4,19-Feb-19,9.85E+14,105.2,40.7
Rm11,noBCG,PRRSVsed,PRRSVsed,503,5,19-Feb-19,9.85E+14,106,41.1
Rm11,noBCG,PRRSVsed,PRRSVsed,503,6,20-Feb-19,9.85E+14,106.2,41.2
Rm11,noBCG,PRRSVsed,PRRSVsed,503,7,21-Feb-19,9.85E+14,105.8,41
Rm11,noBCG,PRRSVsed,PRRSVsed,503,8,22-Feb-19,9.85E+14,105,40.5
Rm11,noBCG,PRRSVsed,PRRSVsed,503,9,23-Feb-19,9.85E+14,105,40.5
Rm11,noBCG,PRRSVsed,PRRSVsed,503,10,24-Feb-19,9.85E+14,104.6,40.3
Rm11,noBCG,PRRSVsed,PRRSVsed,503,11,25-Feb-19,9.85E+14,104.2,40.1
Rm11,noBCG,PRRSVsed,PRRSVsed,503,12,26-Feb-19,9.85E+14,105,40.5
Rm11,noBCG,PRRSVsed,PRRSVsed,503,13,27-Feb-19,9.85E+14,105,40.5
Rm11,noBCG,PRRSVsed,PRRSVsed,503,14,28-Feb-19,9.85E+14,103.2,39.5
Rm11,noBCG,PRRSVsed,PRRSVsed,503,15,1-Mar-19,9.85E+14,104.8,40.4
Rm11,noBCG,PRRSVsed,PRRSVsed,504,0,14-Feb-19,9.85E+14,103.4,39.7
Rm8,noBCG,PRRSVsed,PRRSVsed,504,1,16-Feb-19,9.85E+14,103.2,39.5
Rm8,noBCG,PRRSVsed,PRRSVsed,504,2,17-Feb-19,9.85E+14,104.6,40.3
Rm8,noBCG,PRRSVsed,PRRSVsed,504,3,18-Feb-19,9.85E+14,105,40.5
Rm8,noBCG,PRRSVsed,PRRSVsed,504,4,19-Feb-19,9.85E+14,105.6,40.9
Rm11,noBCG,PRRSVsed,PRRSVsed,504,5,19-Feb-19,9.85E+14,105.2,40.7
Rm11,noBCG,PRRSVsed,PRRSVsed,504,6,20-Feb-19,9.85E+14,104.4,40.2
Rm11,noBCG,PRRSVsed,PRRSVsed,504,7,21-Feb-19,9.85E+14,104.6,40.3
Rm11,noBCG,PRRSVsed,PRRSVsed,504,8,22-Feb-19,9.85E+14,104.8,40.4
Rm11,noBCG,PRRSVsed,PRRSVsed,504,9,23-Feb-19,9.85E+14,104.8,40.4
Rm11,noBCG,PRRSVsed,PRRSVsed,504,10,24-Feb-19,9.85E+14,107.4,41.9
Rm11,noBCG,PRRSVsed,PRRSVsed,504,11,25-Feb-19,9.85E+14,105.2,40.7
Rm11,noBCG,PRRSVsed,PRRSVsed,504,12,26-Feb-19,9.85E+14,106,41.1
Rm11,noBCG,PRRSVsed,PRRSVsed,504,13,27-Feb-19,9.85E+14,106.6,41.4
Rm11,noBCG,PRRSVsed,PRRSVsed,504,14,28-Feb-19,9.85E+14,106.6,41.4
Rm11,noBCG,PRRSVsed,PRRSVsed,504,15,1-Mar-19,9.85E+14,106.2,41.2
Rm11,noBCG,PRRSVsed,PRRSVsed,505,0,14-Feb-19,9.85E+14,104,40
Rm8,noBCG,PRRSVsed,PRRSVsed,505,1,16-Feb-19,9.85E+14,104,40
Rm8,noBCG,PRRSVsed,PRRSVsed,505,2,17-Feb-19,9.85E+14,104.2,40.1
Rm8,noBCG,PRRSVsed,PRRSVsed,505,3,18-Feb-19,9.85E+14,104.8,40.4
Rm8,noBCG,PRRSVsed,PRRSVsed,505,4,19-Feb-19,9.85E+14,105.2,40.7
Rm11,noBCG,PRRSVsed,PRRSVsed,505,5,19-Feb-19,9.85E+14,105.4,40.8
Rm11,noBCG,PRRSVsed,PRRSVsed,505,6,20-Feb-19,9.85E+14,103,39.4
Rm11,noBCG,PRRSVsed,PRRSVsed,505,7,21-Feb-19,9.85E+14,105.4,40.8
Rm11,noBCG,PRRSVsed,PRRSVsed,505,8,22-Feb-19,9.85E+14,104.4,40.2
Rm11,noBCG,PRRSVsed,PRRSVsed,505,9,23-Feb-19,9.85E+14,103.6,39.8
Rm11,noBCG,PRRSVsed,PRRSVsed,505,10,24-Feb-19,9.85E+14,105,40.5
Rm11,noBCG,PRRSVsed,PRRSVsed,505,11,25-Feb-19,9.85E+14,104.2,40.1
Rm11,noBCG,PRRSVsed,PRRSVsed,505,12,26-Feb-19,9.85E+14,105,40.5
Rm11,noBCG,PRRSVsed,PRRSVsed,505,13,27-Feb-19,9.85E+14,104.6,40.3
Rm11,noBCG,PRRSVsed,PRRSVsed,505,14,28-Feb-19,9.85E+14,104.6,40.3
Rm11,noBCG,PRRSVsed,PRRSVsed,505,15,1-Mar-19,9.85E+14,104.2,40.1
Rm9,noBCG,Ch,noBCG-Ch,506,0,15-Feb-19,9.85E+14,103.6,39.8
Rm9,noBCG,Ch,noBCG-Ch,506,1,16-Feb-19,9.85E+14,103,39.4
Rm9,noBCG,Ch,noBCG-Ch,506,2,17-Feb-19,9.85E+14,103.8,39.9
Rm9,noBCG,Ch,noBCG-Ch,506,3,18-Feb-19,9.85E+14,103.4,39.7
Rm9,noBCG,Ch,noBCG-Ch,506,4,19-Feb-19,9.85E+14,103.8,39.9
Rm9,noBCG,Ch,noBCG-Ch,506,5,20-Feb-19,9.85E+14,104.2,40.1
Rm9,noBCG,Ch,noBCG-Ch,506,6,21-Feb-19,9.85E+14,105.6,40.9
Rm9,noBCG,Ch,noBCG-Ch,506,7,22-Feb-19,9.85E+14,103.8,39.9
Rm9,noBCG,Ch,noBCG-Ch,506,8,23-Feb-19,9.85E+14,104,40
Rm9,noBCG,Ch,noBCG-Ch,506,9,24-Feb-19,9.85E+14,103.8,39.9
Rm9,noBCG,Ch,noBCG-Ch,506,10,25-Feb-19,9.85E+14,103.8,39.9
Rm9,noBCG,Ch,noBCG-Ch,506,11,26-Feb-19,9.85E+14,103.6,39.8
Rm9,noBCG,Ch,noBCG-Ch,506,12,27-Feb-19,9.85E+14,104.4,40.2
Rm9,noBCG,Ch,noBCG-Ch,506,13,28-Feb-19,9.85E+14,103.6,39.8
Rm9,noBCG,Ch,noBCG-Ch,506,14,1-Mar-19,9.85E+14,103.6,39.8
Rm9,noBCG,Ch,noBCG-Ch,507,0,15-Feb-19,9.85E+14,103,39.4
Rm9,noBCG,Ch,noBCG-Ch,507,1,16-Feb-19,9.85E+14,102.6,39.2
Rm9,noBCG,Ch,noBCG-Ch,507,2,17-Feb-19,9.85E+14,102.8,39.3
Rm9,noBCG,Ch,noBCG-Ch,507,3,18-Feb-19,9.85E+14,102.8,39.3
Rm9,noBCG,Ch,noBCG-Ch,507,4,19-Feb-19,9.85E+14,103.2,39.5
Rm9,noBCG,Ch,noBCG-Ch,507,5,20-Feb-19,9.85E+14,105.4,40.8
Rm9,noBCG,Ch,noBCG-Ch,507,6,21-Feb-19,9.85E+14,103.8,39.9
Rm9,noBCG,Ch,noBCG-Ch,507,7,22-Feb-19,9.85E+14,104.6,40.3
Rm9,noBCG,Ch,noBCG-Ch,507,8,23-Feb-19,9.85E+14,104,40
Rm9,noBCG,Ch,noBCG-Ch,507,9,24-Feb-19,9.85E+14,105.6,40.9
Rm9,noBCG,Ch,noBCG-Ch,507,10,25-Feb-19,9.85E+14,104.2,40.1
Rm9,noBCG,Ch,noBCG-Ch,507,11,26-Feb-19,9.85E+14,104.8,40.4
Rm9,noBCG,Ch,noBCG-Ch,507,12,27-Feb-19,9.85E+14,104,40
Rm9,noBCG,Ch,noBCG-Ch,507,13,28-Feb-19,9.85E+14,103.8,39.9
Rm9,noBCG,Ch,noBCG-Ch,507,14,1-Mar-19,9.85E+14,104,40
Rm9,noBCG,Ch,noBCG-Ch,508,0,15-Feb-19,9.85E+14,104.2,40.1
Rm9,noBCG,Ch,noBCG-Ch,508,1,16-Feb-19,9.85E+14,103.8,39.9
Rm9,noBCG,Ch,noBCG-Ch,508,2,17-Feb-19,9.85E+14,106.4,41.3
Rm9,noBCG,Ch,noBCG-Ch,508,3,18-Feb-19,9.85E+14,103.6,39.8
Rm9,noBCG,Ch,noBCG-Ch,508,4,19-Feb-19,9.85E+14,104.8,40.4
Rm9,noBCG,Ch,noBCG-Ch,508,4,19-Feb-19,9.85E+14,104.8,40.4
Rm9,noBCG,Ch,noBCG-Ch,508,5,20-Feb-19,9.85E+14,105.4,40.8
Rm9,noBCG,Ch,noBCG-Ch,508,6,21-Feb-19,9.85E+14,104.6,40.3
Rm9,noBCG,Ch,noBCG-Ch,508,6,21-Feb-19,9.85E+14,104.6,40.3
Rm9,noBCG,Ch,noBCG-Ch,508,8,23-Feb-19,9.85E+14,104.6,40.3
Rm9,noBCG,Ch,noBCG-Ch,508,9,24-Feb-19,9.85E+14,105,40.5
Rm9,noBCG,Ch,noBCG-Ch,508,10,25-Feb-19,9.85E+14,105.4,40.8
Rm9,noBCG,Ch,noBCG-Ch,508,11,26-Feb-19,9.85E+14,105.2,40.7
Rm9,noBCG,Ch,noBCG-Ch,508,12,27-Feb-19,9.85E+14,105,40.5
Rm9,noBCG,Ch,noBCG-Ch,508,13,28-Feb-19,9.85E+14,104.6,40.3
Rm9,noBCG,Ch,noBCG-Ch,508,14,1-Mar-19,9.85E+14,104.4,40.2
Rm6,noBCG,MockSed,Mock,509,0,14-Feb-19,9.85E+14,103.4,39.7
Rm7,noBCG,MockSed,Mock,509,1,14-Feb-19,9.85E+14,103.4,39.7
Rm6,noBCG,MockSed,Mock,509,2,16-Feb-19,9.85E+14,103.6,39.8
Rm6,noBCG,MockSed,Mock,509,3,17-Feb-19,9.85E+14,103.2,39.5
Rm6,noBCG,MockSed,Mock,509,4,18-Feb-19,9.85E+14,103.8,39.9
Rm7,noBCG,MockSed,Mock,509,5,19-Feb-19,9.85E+14,104,40
Rm7,noBCG,MockSed,Mock,509,6,20-Feb-19,9.85E+14,103.6,39.8
Rm7,noBCG,MockSed,Mock,509,7,21-Feb-19,9.85E+14,103.2,39.5
Rm7,noBCG,MockSed,Mock,509,8,22-Feb-19,9.85E+14,104.6,40.3
Rm7,noBCG,MockSed,Mock,509,9,23-Feb-19,9.85E+14,103.6,39.8
Rm7,noBCG,MockSed,Mock,509,10,24-Feb-19,9.85E+14,103,39.4
Rm7,noBCG,MockSed,Mock,509,11,25-Feb-19,9.85E+14,103,39.4
Rm7,noBCG,MockSed,Mock,509,12,26-Feb-19,9.85E+14,103.6,39.8
Rm7,noBCG,MockSed,Mock,509,13,27-Feb-19,9.85E+14,103.8,39.9
Rm7,noBCG,MockSed,Mock,509,14,28-Feb-19,9.85E+14,103.2,39.5
Rm7,noBCG,MockSed,Mock,509,15,1-Mar-19,9.85E+14,103.2,39.5
Rm9,noBCG,Ch,noBCG-Ch,510,0,15-Feb-19,9.85E+14,103.4,39.7
Rm9,noBCG,Ch,noBCG-Ch,510,1,16-Feb-19,9.85E+14,103.4,39.7
Rm9,noBCG,Ch,noBCG-Ch,510,2,17-Feb-19,9.85E+14,104.8,40.4
Rm9,noBCG,Ch,noBCG-Ch,510,3,18-Feb-19,9.85E+14,103.8,39.9
Rm9,noBCG,Ch,noBCG-Ch,510,5,20-Feb-19,9.85E+14,104.4,40.2
Rm9,noBCG,Ch,noBCG-Ch,510,6,21-Feb-19,9.85E+14,104,40
Rm9,noBCG,Ch,noBCG-Ch,510,7,22-Feb-19,9.85E+14,104.8,40.4
Rm9,noBCG,Ch,noBCG-Ch,510,8,23-Feb-19,9.85E+14,104.4,40.2
Rm9,noBCG,Ch,noBCG-Ch,510,9,24-Feb-19,9.85E+14,104.8,40.4
Rm9,noBCG,Ch,noBCG-Ch,510,10,25-Feb-19,9.85E+14,105.2,40.7
Rm9,noBCG,Ch,noBCG-Ch,510,11,26-Feb-19,9.85E+14,105.6,40.9
Rm9,noBCG,Ch,noBCG-Ch,510,12,27-Feb-19,9.85E+14,105.4,40.8
Rm9,noBCG,Ch,noBCG-Ch,510,13,28-Feb-19,9.85E+14,104.4,40.2
Rm9,noBCG,Ch,noBCG-Ch,510,14,1-Mar-19,9.85E+14,103.6,39.8
Rm10,noBCG,Ch,noBCG-Ch,511,0,15-Feb-19,9.85E+14,104,40
Rm10,noBCG,Ch,noBCG-Ch,511,1,16-Feb-19,9.85E+14,104,40
Rm10,noBCG,Ch,noBCG-Ch,511,2,17-Feb-19,9.85E+14,103.6,39.8
Rm10,noBCG,Ch,noBCG-Ch,511,3,18-Feb-19,9.85E+14,104.4,40.2
Rm10,noBCG,Ch,noBCG-Ch,511,4,19-Feb-19,9.85E+14,104.2,40.1
Rm10,noBCG,Ch,noBCG-Ch,511,5,20-Feb-19,9.85E+14,105.6,40.9
Rm10,noBCG,Ch,noBCG-Ch,511,6,21-Feb-19,9.85E+14,104.8,40.4
Rm10,noBCG,Ch,noBCG-Ch,511,6,21-Feb-19,9.85E+14,104.8,40.4
Rm10,noBCG,Ch,noBCG-Ch,511,7,22-Feb-19,9.85E+14,105.8,41
Rm10,noBCG,Ch,noBCG-Ch,511,8,23-Feb-19,9.85E+14,105.6,40.9
Rm10,noBCG,Ch,noBCG-Ch,511,9,24-Feb-19,9.85E+14,105.4,40.8
Rm10,noBCG,Ch,noBCG-Ch,511,10,25-Feb-19,9.85E+14,106.8,41.6
Rm10,noBCG,Ch,noBCG-Ch,511,11,26-Feb-19,9.85E+14,105,40.5
Rm10,noBCG,Ch,noBCG-Ch,511,12,27-Feb-19,9.85E+14,106.2,41.2
Rm10,noBCG,Ch,noBCG-Ch,511,13,28-Feb-19,9.85E+14,105.8,41
Rm10,noBCG,Ch,noBCG-Ch,511,14,1-Mar-19,9.85E+14,105,40.5
Rm11,noBCG,PRRSVsed,PRRSVsed,512,0,14-Feb-19,9.85E+14,103.8,39.9
Rm9,noBCG,PRRSVsed,PRRSVsed,512,1,16-Feb-19,9.85E+14,104,40
Rm9,noBCG,PRRSVsed,PRRSVsed,512,2,17-Feb-19,9.85E+14,104.6,40.3
Rm9,noBCG,PRRSVsed,PRRSVsed,512,3,18-Feb-19,9.85E+14,104,40
Rm11,noBCG,PRRSVsed,PRRSVsed,512,4,19-Feb-19,9.85E+14,106.4,41.3
Rm9,noBCG,PRRSVsed,PRRSVsed,512,5,19-Feb-19,9.85E+14,104.2,40.1
Rm11,noBCG,PRRSVsed,PRRSVsed,512,6,20-Feb-19,9.85E+14,104.2,40.1
Rm11,noBCG,PRRSVsed,PRRSVsed,512,7,21-Feb-19,9.85E+14,104.2,40.1
Rm11,noBCG,PRRSVsed,PRRSVsed,512,8,22-Feb-19,9.85E+14,105.4,40.8
Rm11,noBCG,PRRSVsed,PRRSVsed,512,9,23-Feb-19,9.85E+14,104.4,40.2
Rm11,noBCG,PRRSVsed,PRRSVsed,512,10,24-Feb-19,9.85E+14,104.2,40.1
Rm11,noBCG,PRRSVsed,PRRSVsed,512,11,25-Feb-19,9.85E+14,104.4,40.2
Rm11,noBCG,PRRSVsed,PRRSVsed,512,12,26-Feb-19,9.85E+14,104.8,40.4
Rm11,noBCG,PRRSVsed,PRRSVsed,512,14,28-Feb-19,9.85E+14,103.8,39.9
Rm11,noBCG,PRRSVsed,PRRSVsed,512,15,1-Mar-19,9.85E+14,102.8,39.3
Rm11,noBCG,PRRSVsed,PRRSVsed,513,0,14-Feb-19,9.85E+14,104.4,40.2
Rm9,noBCG,PRRSVsed,PRRSVsed,513,1,16-Feb-19,9.85E+14,104.8,40.4
Rm9,noBCG,PRRSVsed,PRRSVsed,513,2,17-Feb-19,9.85E+14,105,40.5
Rm9,noBCG,PRRSVsed,PRRSVsed,513,3,18-Feb-19,9.85E+14,105.2,40.7
Rm11,noBCG,PRRSVsed,PRRSVsed,513,4,19-Feb-19,9.85E+14,104.4,40.2
Rm9,noBCG,PRRSVsed,PRRSVsed,513,5,19-Feb-19,9.85E+14,105.6,40.9
Rm11,noBCG,PRRSVsed,PRRSVsed,513,6,20-Feb-19,9.85E+14,104.6,40.3
Rm11,noBCG,PRRSVsed,PRRSVsed,513,7,21-Feb-19,9.85E+14,104.8,40.4
Rm11,noBCG,PRRSVsed,PRRSVsed,513,8,22-Feb-19,9.85E+14,105.8,41
Rm11,noBCG,PRRSVsed,PRRSVsed,513,9,23-Feb-19,9.85E+14,105.6,40.9
Rm11,noBCG,PRRSVsed,PRRSVsed,513,10,24-Feb-19,9.85E+14,105.4,40.8
Rm11,noBCG,PRRSVsed,PRRSVsed,513,11,25-Feb-19,9.85E+14,104,40
Rm11,noBCG,PRRSVsed,PRRSVsed,513,12,26-Feb-19,9.85E+14,105.2,40.7
Rm11,noBCG,PRRSVsed,PRRSVsed,513,13,27-Feb-19,9.85E+14,105.4,40.8
Rm11,noBCG,PRRSVsed,PRRSVsed,513,14,28-Feb-19,9.85E+14,104.8,40.4
Rm11,noBCG,PRRSVsed,PRRSVsed,513,15,1-Mar-19,9.85E+14,105.8,41
Rm11,noBCG,PRRSVsed,PRRSVsed,514,0,14-Feb-19,9.85E+14,103.8,39.9
Rm9,noBCG,PRRSVsed,PRRSVsed,514,1,16-Feb-19,9.85E+14,103.8,39.9
Rm9,noBCG,PRRSVsed,PRRSVsed,514,2,17-Feb-19,9.85E+14,104,40
Rm9,noBCG,PRRSVsed,PRRSVsed,514,3,18-Feb-19,9.85E+14,103.8,39.9
Rm11,noBCG,PRRSVsed,PRRSVsed,514,4,19-Feb-19,9.85E+14,106.2,41.2
Rm9,noBCG,PRRSVsed,PRRSVsed,514,5,19-Feb-19,9.85E+14,104.4,40.2
Rm11,noBCG,PRRSVsed,PRRSVsed,514,6,20-Feb-19,9.85E+14,104.4,40.2
Rm11,noBCG,PRRSVsed,PRRSVsed,514,7,21-Feb-19,9.85E+14,105.4,40.8
Rm11,noBCG,PRRSVsed,PRRSVsed,514,8,22-Feb-19,9.85E+14,105.8,41
Rm11,noBCG,PRRSVsed,PRRSVsed,514,9,23-Feb-19,9.85E+14,104.6,40.3
Rm11,noBCG,PRRSVsed,PRRSVsed,514,11,25-Feb-19,9.85E+14,105,40.5
Rm11,noBCG,PRRSVsed,PRRSVsed,514,12,26-Feb-19,9.85E+14,104.6,40.3
Rm11,noBCG,PRRSVsed,PRRSVsed,514,13,27-Feb-19,9.85E+14,105.6,40.9
Rm11,noBCG,PRRSVsed,PRRSVsed,514,14,28-Feb-19,9.85E+14,105.2,40.7
Rm11,noBCG,PRRSVsed,PRRSVsed,514,15,1-Mar-19,9.85E+14,106.2,41.2
Rm11,noBCG,PRRSVsed,PRRSVsed,515,0,14-Feb-19,9.85E+14,102,38.9
Rm9,noBCG,PRRSVsed,PRRSVsed,515,1,16-Feb-19,9.85E+14,102.8,39.3
Rm9,noBCG,PRRSVsed,PRRSVsed,515,2,17-Feb-19,9.85E+14,103.4,39.7
Rm9,noBCG,PRRSVsed,PRRSVsed,515,3,18-Feb-19,9.85E+14,103,39.4
Rm11,noBCG,PRRSVsed,PRRSVsed,515,4,19-Feb-19,9.85E+14,104.6,40.3
Rm9,noBCG,PRRSVsed,PRRSVsed,515,5,19-Feb-19,9.85E+14,104.4,40.2
Rm11,noBCG,PRRSVsed,PRRSVsed,515,6,20-Feb-19,9.85E+14,104.4,40.2
Rm11,noBCG,PRRSVsed,PRRSVsed,515,7,21-Feb-19,9.85E+14,104.2,40.1
Rm11,noBCG,PRRSVsed,PRRSVsed,515,8,22-Feb-19,9.85E+14,104.2,40.1
Rm11,noBCG,PRRSVsed,PRRSVsed,515,9,23-Feb-19,9.85E+14,104,40
Rm11,noBCG,PRRSVsed,PRRSVsed,515,10,24-Feb-19,9.85E+14,103.8,39.9
Rm11,noBCG,PRRSVsed,PRRSVsed,515,11,25-Feb-19,9.85E+14,104.4,40.2
Rm11,noBCG,PRRSVsed,PRRSVsed,515,12,26-Feb-19,9.85E+14,104.8,40.4
Rm11,noBCG,PRRSVsed,PRRSVsed,515,13,27-Feb-19,9.85E+14,104.4,40.2
Rm11,noBCG,PRRSVsed,PRRSVsed,515,14,28-Feb-19,9.85E+14,104.2,40.1
Rm11,noBCG,PRRSVsed,PRRSVsed,515,15,1-Mar-19,9.85E+14,105.4,40.8
Rm10,noBCG,Ch,noBCG-Ch,516,0,15-Feb-19,9.85E+14,104,40
Rm10,noBCG,Ch,noBCG-Ch,516,1,16-Feb-19,9.85E+14,103.8,39.9
Rm10,noBCG,Ch,noBCG-Ch,516,2,17-Feb-19,9.85E+14,106,41.1
Rm10,noBCG,Ch,noBCG-Ch,516,3,18-Feb-19,9.85E+14,104,40
Rm10,noBCG,Ch,noBCG-Ch,516,4,19-Feb-19,9.85E+14,104.8,40.4
Rm10,noBCG,Ch,noBCG-Ch,516,5,20-Feb-19,9.85E+14,104.4,40.2
Rm10,noBCG,Ch,noBCG-Ch,516,6,21-Feb-19,9.85E+14,105,40.5
Rm10,noBCG,Ch,noBCG-Ch,516,7,22-Feb-19,9.85E+14,104.4,40.2
Rm10,noBCG,Ch,noBCG-Ch,516,8,23-Feb-19,9.85E+14,104.6,40.3
Rm10,noBCG,Ch,noBCG-Ch,516,9,24-Feb-19,9.85E+14,105.2,40.7
Rm10,noBCG,Ch,noBCG-Ch,516,10,25-Feb-19,9.85E+14,106.4,41.3
Rm10,noBCG,Ch,noBCG-Ch,516,11,26-Feb-19,9.85E+14,105.8,41
Rm10,noBCG,Ch,noBCG-Ch,516,12,27-Feb-19,9.85E+14,107,41.7
Rm10,noBCG,Ch,noBCG-Ch,516,13,28-Feb-19,9.85E+14,104.6,40.3
Rm10,noBCG,Ch,noBCG-Ch,516,14,1-Mar-19,9.85E+14,105.2,40.7
Rm10,noBCG,Ch,noBCG-Ch,517,0,15-Feb-19,9.85E+14,104.8,40.4
Rm10,noBCG,Ch,noBCG-Ch,517,1,16-Feb-19,9.85E+14,105.2,40.7
Rm10,noBCG,Ch,noBCG-Ch,517,2,17-Feb-19,9.85E+14,105.4,40.8
Rm10,noBCG,Ch,noBCG-Ch,518,0,15-Feb-19,9.85E+14,103.6,39.8
Rm10,noBCG,Ch,noBCG-Ch,518,1,16-Feb-19,9.85E+14,103,39.4
Rm10,noBCG,Ch,noBCG-Ch,518,2,17-Feb-19,9.85E+14,103.6,39.8
Rm10,noBCG,Ch,noBCG-Ch,518,3,18-Feb-19,9.85E+14,105.2,40.7
Rm10,noBCG,Ch,noBCG-Ch,518,4,19-Feb-19,9.85E+14,102.8,39.3
Rm10,noBCG,Ch,noBCG-Ch,518,5,20-Feb-19,9.85E+14,103.6,39.8
Rm10,noBCG,Ch,noBCG-Ch,518,6,21-Feb-19,9.85E+14,103.8,39.9
Rm10,noBCG,Ch,noBCG-Ch,518,7,22-Feb-19,9.85E+14,104.4,40.2
Rm10,noBCG,Ch,noBCG-Ch,518,8,23-Feb-19,9.85E+14,104.4,40.2
Rm10,noBCG,Ch,noBCG-Ch,518,9,24-Feb-19,9.85E+14,104.4,40.2
Rm10,noBCG,Ch,noBCG-Ch,518,10,25-Feb-19,9.85E+14,104.4,40.2
Rm10,noBCG,Ch,noBCG-Ch,518,11,26-Feb-19,9.85E+14,104.4,40.2
Rm10,noBCG,Ch,noBCG-Ch,518,12,27-Feb-19,9.85E+14,104.8,40.4
Rm10,noBCG,Ch,noBCG-Ch,518,13,28-Feb-19,9.85E+14,104.8,40.4
Rm10,noBCG,Ch,noBCG-Ch,518,14,1-Mar-19,9.85E+14,104.8,40.4
Rm6,noBCG,Crl,Mock,519,0,15-Feb-19,9.85E+14,103.2,39.5
Rm6,noBCG,Crl,Mock,519,1,16-Feb-19,9.85E+14,103.3,39.6
Rm6,noBCG,Crl,Mock,519,2,17-Feb-19,9.85E+14,102.8,39.3
Rm6,noBCG,Crl,Mock,519,3,18-Feb-19,9.85E+14,103.4,39.7
Rm6,noBCG,Crl,Mock,519,4,19-Feb-19,9.85E+14,103,39.4
Rm6,noBCG,Crl,Mock,519,5,20-Feb-19,9.85E+14,103.8,39.9
Rm6,noBCG,Crl,Mock,519,6,21-Feb-19,9.85E+14,103.4,39.7
Rm6,noBCG,Crl,Mock,519,7,22-Feb-19,9.85E+14,103.4,39.7
Rm6,noBCG,Crl,Mock,519,8,23-Feb-19,9.85E+14,103.6,39.8
Rm6,noBCG,Crl,Mock,519,9,24-Feb-19,9.85E+14,103.4,39.7
Rm6,noBCG,Crl,Mock,519,10,25-Feb-19,9.85E+14,103.6,39.8
Rm6,noBCG,Crl,Mock,519,11,26-Feb-19,9.85E+14,103.4,39.7
Rm6,noBCG,Crl,Mock,519,12,27-Feb-19,9.85E+14,103.6,39.8
Rm6,noBCG,Crl,Mock,519,13,28-Feb-19,9.85E+14,103.6,39.8
Rm6,noBCG,Crl,Mock,519,14,1-Mar-19,9.85E+14,102.8,39.3
Rm6,noBCG,Crl,Mock,520,0,15-Feb-19,9.85E+14,102.4,39.1
Rm6,noBCG,Crl,Mock,520,1,16-Feb-19,9.85E+14,103.4,39.7
Rm6,noBCG,Crl,Mock,520,2,17-Feb-19,9.85E+14,103.6,39.8
Rm6,noBCG,Crl,Mock,520,3,18-Feb-19,9.85E+14,103,39.4
Rm6,noBCG,Crl,Mock,520,4,19-Feb-19,9.85E+14,103,39.4
Rm6,noBCG,Crl,Mock,520,5,20-Feb-19,9.85E+14,103.6,39.8
Rm6,noBCG,Crl,Mock,520,6,21-Feb-19,9.85E+14,103.4,39.7
Rm6,noBCG,Crl,Mock,520,7,22-Feb-19,9.85E+14,103.6,39.8
Rm6,noBCG,Crl,Mock,520,8,23-Feb-19,9.85E+14,103.6,39.8
Rm6,noBCG,Crl,Mock,520,9,24-Feb-19,9.85E+14,103.4,39.7
Rm6,noBCG,Crl,Mock,520,10,25-Feb-19,9.85E+14,104.2,40.1
Rm6,noBCG,Crl,Mock,520,11,26-Feb-19,9.85E+14,103.8,39.9
Rm6,noBCG,Crl,Mock,520,12,27-Feb-19,9.85E+14,103.8,39.9
Rm6,noBCG,Crl,Mock,520,13,28-Feb-19,9.85E+14,104,40
Rm6,noBCG,Crl,Mock,520,14,1-Mar-19,9.85E+14,103.2,39.5
Rm6,noBCG,Crl,Mock,521,0,15-Feb-19,9.85E+14,103.4,39.7
Rm6,noBCG,Crl,Mock,521,1,16-Feb-19,9.85E+14,103.7,39.85
Rm6,noBCG,Crl,Mock,521,2,17-Feb-19,9.85E+14,103.8,39.9
Rm6,noBCG,Crl,Mock,521,3,18-Feb-19,9.85E+14,104,40
Rm6,noBCG,Crl,Mock,521,4,19-Feb-19,9.85E+14,103.8,39.9
Rm6,noBCG,Crl,Mock,521,5,20-Feb-19,9.85E+14,104.2,40.1
Rm6,noBCG,Crl,Mock,521,6,21-Feb-19,9.85E+14,104,40
Rm6,noBCG,Crl,Mock,521,7,22-Feb-19,9.85E+14,104.2,40.1
Rm6,noBCG,Crl,Mock,521,8,23-Feb-19,9.85E+14,104.6,40.3
Rm6,noBCG,Crl,Mock,521,9,24-Feb-19,9.85E+14,103.8,39.9
Rm6,noBCG,Crl,Mock,521,10,25-Feb-19,9.85E+14,104.4,40.2
Rm6,noBCG,Crl,Mock,521,11,26-Feb-19,9.85E+14,104,40
Rm6,noBCG,Crl,Mock,521,12,27-Feb-19,9.85E+14,104.4,40.2
Rm6,noBCG,Crl,Mock,521,13,28-Feb-19,9.85E+14,104.8,40.4
Rm6,noBCG,Crl,Mock,521,14,1-Mar-19,9.85E+14,103.8,39.9
Rm11,noBCG,PRRSVsed,PRRSVsed,522,0,14-Feb-19,9.85E+14,104,40
Rm10,noBCG,PRRSVsed,PRRSVsed,522,1,16-Feb-19,9.85E+14,103.6,39.8
Rm10,noBCG,PRRSVsed,PRRSVsed,522,2,17-Feb-19,9.85E+14,104.2,40.1
Rm10,noBCG,PRRSVsed,PRRSVsed,522,3,18-Feb-19,9.85E+14,104,40
Rm11,noBCG,PRRSVsed,PRRSVsed,522,4,19-Feb-19,9.85E+14,104.4,40.2
Rm10,noBCG,PRRSVsed,PRRSVsed,522,5,19-Feb-19,9.85E+14,105.8,41
Rm11,noBCG,PRRSVsed,PRRSVsed,522,6,20-Feb-19,9.85E+14,103.8,39.9
Rm11,noBCG,PRRSVsed,PRRSVsed,522,7,21-Feb-19,9.85E+14,104.2,40.1
Rm11,noBCG,PRRSVsed,PRRSVsed,522,8,22-Feb-19,9.85E+14,105.2,40.7
Rm11,noBCG,PRRSVsed,PRRSVsed,522,9,23-Feb-19,9.85E+14,105.6,40.9
Rm11,noBCG,PRRSVsed,PRRSVsed,522,10,24-Feb-19,9.85E+14,104.6,40.3
Rm11,noBCG,PRRSVsed,PRRSVsed,522,11,25-Feb-19,9.85E+14,105.8,41
Rm11,noBCG,PRRSVsed,PRRSVsed,522,12,26-Feb-19,9.85E+14,105.2,40.7
Rm11,noBCG,PRRSVsed,PRRSVsed,522,13,27-Feb-19,9.85E+14,104.8,40.4
Rm11,noBCG,PRRSVsed,PRRSVsed,522,14,28-Feb-19,9.85E+14,103.8,39.9
Rm11,noBCG,PRRSVsed,PRRSVsed,523,0,14-Feb-19,9.85E+14,103,39.4
Rm10,noBCG,PRRSVsed,PRRSVsed,523,1,16-Feb-19,9.85E+14,103.2,39.5
Rm10,noBCG,PRRSVsed,PRRSVsed,523,2,17-Feb-19,9.85E+14,104.4,40.2
Rm10,noBCG,PRRSVsed,PRRSVsed,523,3,18-Feb-19,9.85E+14,104.6,40.3
Rm11,noBCG,PRRSVsed,PRRSVsed,523,4,19-Feb-19,9.85E+14,105.6,40.9
Rm10,noBCG,PRRSVsed,PRRSVsed,523,5,19-Feb-19,9.85E+14,105.8,41
Rm11,noBCG,PRRSVsed,PRRSVsed,523,6,20-Feb-19,9.85E+14,105.4,40.8
Rm11,noBCG,PRRSVsed,PRRSVsed,523,7,21-Feb-19,9.85E+14,104.6,40.3
Rm11,noBCG,PRRSVsed,PRRSVsed,523,8,22-Feb-19,9.85E+14,104.8,40.4
Rm11,noBCG,PRRSVsed,PRRSVsed,523,9,23-Feb-19,9.85E+14,105.4,40.8
Rm11,noBCG,PRRSVsed,PRRSVsed,523,10,24-Feb-19,9.85E+14,104.8,40.4
Rm11,noBCG,PRRSVsed,PRRSVsed,523,11,25-Feb-19,9.85E+14,105.2,40.7
Rm11,noBCG,PRRSVsed,PRRSVsed,523,12,26-Feb-19,9.85E+14,106.6,41.4
Rm11,noBCG,PRRSVsed,PRRSVsed,523,13,27-Feb-19,9.85E+14,106,41.1
Rm11,noBCG,PRRSVsed,PRRSVsed,523,14,28-Feb-19,9.85E+14,106.4,41.3
Rm11,noBCG,PRRSVsed,PRRSVsed,523,15,1-Mar-19,9.85E+14,106.2,41.2
Rm11,noBCG,PRRSVsed,PRRSVsed,524,0,14-Feb-19,9.85E+14,104,40
Rm10,noBCG,PRRSVsed,PRRSVsed,524,1,16-Feb-19,9.85E+14,104.4,40.2
Rm10,noBCG,PRRSVsed,PRRSVsed,524,2,17-Feb-19,9.85E+14,105.4,40.8
Rm10,noBCG,PRRSVsed,PRRSVsed,524,3,18-Feb-19,9.85E+14,103.8,39.9
Rm11,noBCG,PRRSVsed,PRRSVsed,524,4,19-Feb-19,9.85E+14,104.6,40.3
Rm10,noBCG,PRRSVsed,PRRSVsed,524,5,19-Feb-19,9.85E+14,104.8,40.4
Rm11,noBCG,PRRSVsed,PRRSVsed,524,6,20-Feb-19,9.85E+14,104.6,40.3
Rm11,noBCG,PRRSVsed,PRRSVsed,524,7,21-Feb-19,9.85E+14,103.6,39.8
Rm11,noBCG,PRRSVsed,PRRSVsed,524,8,22-Feb-19,9.85E+14,104.2,40.1
Rm11,noBCG,PRRSVsed,PRRSVsed,524,9,23-Feb-19,9.85E+14,104.4,40.2
Rm11,noBCG,PRRSVsed,PRRSVsed,524,10,24-Feb-19,9.85E+14,103.6,39.8
Rm11,noBCG,PRRSVsed,PRRSVsed,524,11,25-Feb-19,9.85E+14,103.2,39.5
Rm11,noBCG,PRRSVsed,PRRSVsed,524,12,26-Feb-19,9.85E+14,104,40
Rm11,noBCG,PRRSVsed,PRRSVsed,524,13,27-Feb-19,9.85E+14,104.2,40.1
Rm11,noBCG,PRRSVsed,PRRSVsed,524,14,28-Feb-19,9.85E+14,103.2,39.5
Rm11,noBCG,PRRSVsed,PRRSVsed,524,15,1-Mar-19,9.85E+14,103.6,39.8
Rm6,noBCG,MockSed,Mock,525,0,14-Feb-19,9.85E+14,103.6,39.8
Rm7,noBCG,MockSed,Mock,525,1,14-Feb-19,9.85E+14,103.6,39.8
Rm6,noBCG,MockSed,Mock,525,2,16-Feb-19,9.85E+14,103.8,39.9
Rm6,noBCG,MockSed,Mock,525,3,17-Feb-19,9.85E+14,103.6,39.8
Rm6,noBCG,MockSed,Mock,525,4,18-Feb-19,9.85E+14,104,40
Rm7,noBCG,MockSed,Mock,525,5,19-Feb-19,9.85E+14,102.6,39.2
Rm7,noBCG,MockSed,Mock,525,6,20-Feb-19,9.85E+14,103.4,39.7
Rm7,noBCG,MockSed,Mock,525,7,21-Feb-19,9.85E+14,103,39.4
Rm7,noBCG,MockSed,Mock,525,8,22-Feb-19,9.85E+14,103.4,39.7
Rm7,noBCG,MockSed,Mock,525,9,23-Feb-19,9.85E+14,103.6,39.8
Rm7,noBCG,MockSed,Mock,525,10,24-Feb-19,9.85E+14,103.4,39.7
Rm7,noBCG,MockSed,Mock,525,11,25-Feb-19,9.85E+14,103.4,39.7
Rm7,noBCG,MockSed,Mock,525,12,26-Feb-19,9.85E+14,103.9,39.95
Rm7,noBCG,MockSed,Mock,525,13,27-Feb-19,9.85E+14,104.2,40.1
Rm7,noBCG,MockSed,Mock,525,14,28-Feb-19,9.85E+14,103.6,39.8
Rm7,noBCG,MockSed,Mock,525,15,1-Mar-19,9.85E+14,103.4,39.7
Rm8,inBCG,Ch,inBCG-Ch,527,0,15-Feb-19,9.85E+14,103.2,39.5
Rm8,inBCG,Ch,inBCG-Ch,527,1,16-Feb-19,9.85E+14,103.2,39.5
Rm8,inBCG,Ch,inBCG-Ch,527,2,17-Feb-19,9.85E+14,103.6,39.8
Rm8,inBCG,Ch,inBCG-Ch,527,3,18-Feb-19,9.85E+14,103.6,39.8
Rm8,inBCG,Ch,inBCG-Ch,527,4,19-Feb-19,9.85E+14,106.2,41.2
Rm8,inBCG,Ch,inBCG-Ch,527,5,20-Feb-19,9.85E+14,104.6,40.3
Rm8,inBCG,Ch,inBCG-Ch,527,6,21-Feb-19,9.85E+14,104,40
Rm8,inBCG,Ch,inBCG-Ch,527,7,22-Feb-19,9.85E+14,104,40
Rm8,inBCG,Ch,inBCG-Ch,527,8,23-Feb-19,9.85E+14,104.4,40.2
Rm8,inBCG,Ch,inBCG-Ch,527,9,24-Feb-19,9.85E+14,104.2,40.1
Rm8,inBCG,Ch,inBCG-Ch,527,10,25-Feb-19,9.85E+14,104.8,40.4
Rm8,inBCG,Ch,inBCG-Ch,527,11,26-Feb-19,9.85E+14,105,40.5
Rm8,inBCG,Ch,inBCG-Ch,527,12,27-Feb-19,9.85E+14,105,40.5
Rm8,inBCG,Ch,inBCG-Ch,527,13,28-Feb-19,9.85E+14,104.2,40.1
Rm8,inBCG,Ch,inBCG-Ch,527,14,1-Mar-19,9.85E+14,104.6,40.3
Rm8,inBCG,Ch,inBCG-Ch,528,0,15-Feb-19,9.85E+14,103.6,39.8
Rm8,inBCG,Ch,inBCG-Ch,528,1,16-Feb-19,9.85E+14,103.4,39.7
Rm8,inBCG,Ch,inBCG-Ch,528,2,17-Feb-19,9.85E+14,104,40
Rm8,inBCG,Ch,inBCG-Ch,528,3,18-Feb-19,9.85E+14,104.2,40.1
Rm8,inBCG,Ch,inBCG-Ch,528,4,19-Feb-19,9.85E+14,104.2,40.1
Rm8,inBCG,Ch,inBCG-Ch,528,5,20-Feb-19,9.85E+14,104.2,40.1
Rm8,inBCG,Ch,inBCG-Ch,528,6,21-Feb-19,9.85E+14,105.6,40.9
Rm8,inBCG,Ch,inBCG-Ch,528,7,22-Feb-19,9.85E+14,104.4,40.2
Rm8,inBCG,Ch,inBCG-Ch,528,8,23-Feb-19,9.85E+14,105.6,40.9
Rm8,inBCG,Ch,inBCG-Ch,528,9,24-Feb-19,9.85E+14,104.6,40.3
Rm8,inBCG,Ch,inBCG-Ch,528,10,25-Feb-19,9.85E+14,105.6,40.9
Rm8,inBCG,Ch,inBCG-Ch,528,11,26-Feb-19,9.85E+14,105.4,40.8
Rm8,inBCG,Ch,inBCG-Ch,528,12,27-Feb-19,9.85E+14,105,40.5
Rm8,inBCG,Ch,inBCG-Ch,528,13,28-Feb-19,9.85E+14,105.4,40.8
Rm8,inBCG,Ch,inBCG-Ch,528,14,1-Mar-19,9.85E+14,104,40
Rm8,inBCG,Ch,inBCG-Ch,529,0,15-Feb-19,9.85E+14,103.8,39.9
Rm8,inBCG,Ch,inBCG-Ch,529,1,16-Feb-19,9.85E+14,103.6,39.8
Rm8,inBCG,Ch,inBCG-Ch,529,2,17-Feb-19,9.85E+14,103.4,39.7
Rm8,inBCG,Ch,inBCG-Ch,529,3,18-Feb-19,9.85E+14,104.2,40.1
Rm8,inBCG,Ch,inBCG-Ch,529,4,19-Feb-19,9.85E+14,105.4,40.8
Rm8,inBCG,Ch,inBCG-Ch,529,5,20-Feb-19,9.85E+14,104.8,40.4
Rm8,inBCG,Ch,inBCG-Ch,529,6,21-Feb-19,9.85E+14,105,40.5
Rm8,inBCG,Ch,inBCG-Ch,529,7,22-Feb-19,9.85E+14,104.8,40.4
Rm8,inBCG,Ch,inBCG-Ch,529,8,23-Feb-19,9.85E+14,105.8,41
Rm8,inBCG,Ch,inBCG-Ch,529,9,24-Feb-19,9.85E+14,105.4,40.8
Rm8,inBCG,Ch,inBCG-Ch,529,10,25-Feb-19,9.85E+14,105.2,40.7
Rm8,inBCG,Ch,inBCG-Ch,529,11,26-Feb-19,9.85E+14,105.4,40.8
Rm8,inBCG,Ch,inBCG-Ch,529,12,27-Feb-19,9.85E+14,105.2,40.7
Rm8,inBCG,Ch,inBCG-Ch,529,13,28-Feb-19,9.85E+14,105.8,41
Rm8,inBCG,Ch,inBCG-Ch,529,14,1-Mar-19,9.85E+14,105.2,40.7
Rm8,inBCG,Ch,inBCG-Ch,530,0,15-Feb-19,9.85E+14,103.6,39.8
Rm8,inBCG,Ch,inBCG-Ch,530,1,16-Feb-19,9.85E+14,104,40
Rm8,inBCG,Ch,inBCG-Ch,530,2,17-Feb-19,9.85E+14,104.4,40.2
Rm8,inBCG,Ch,inBCG-Ch,530,3,18-Feb-19,9.85E+14,104.2,40.1
Rm8,inBCG,Ch,inBCG-Ch,530,4,19-Feb-19,9.85E+14,104.6,40.3
Rm8,inBCG,Ch,inBCG-Ch,530,5,20-Feb-19,9.85E+14,104.2,40.1
Rm8,inBCG,Ch,inBCG-Ch,530,6,21-Feb-19,9.85E+14,104.8,40.4
Rm8,inBCG,Ch,inBCG-Ch,530,7,22-Feb-19,9.85E+14,103.2,39.5
Rm8,inBCG,Ch,inBCG-Ch,530,8,23-Feb-19,9.85E+14,104.2,40.1
Rm8,inBCG,Ch,inBCG-Ch,530,9,24-Feb-19,9.85E+14,104.2,40.1
Rm8,inBCG,Ch,inBCG-Ch,530,10,25-Feb-19,9.85E+14,104.4,40.2
Rm8,inBCG,Ch,inBCG-Ch,530,11,26-Feb-19,9.85E+14,105,40.5
Rm8,inBCG,Ch,inBCG-Ch,530,12,27-Feb-19,9.85E+14,104.8,40.4
Rm8,inBCG,Ch,inBCG-Ch,530,13,28-Feb-19,9.85E+14,104.6,40.3
Rm8,inBCG,Ch,inBCG-Ch,530,14,1-Mar-19,9.85E+14,104.2,40.1
Rm8,inBCG,Ch,inBCG-Ch,531,0,15-Feb-19,9.85E+14,102.4,39.1
Rm8,inBCG,Ch,inBCG-Ch,531,1,16-Feb-19,9.85E+14,102.8,39.3
Rm8,inBCG,Ch,inBCG-Ch,531,2,17-Feb-19,9.85E+14,103.6,39.8
Rm8,inBCG,Ch,inBCG-Ch,531,3,18-Feb-19,9.85E+14,103.4,39.7
Rm8,inBCG,Ch,inBCG-Ch,531,4,19-Feb-19,9.85E+14,103.6,39.8
Rm8,inBCG,Ch,inBCG-Ch,531,5,20-Feb-19,9.85E+14,102.8,39.3
Rm8,inBCG,Ch,inBCG-Ch,531,6,21-Feb-19,9.85E+14,103.8,39.9
Rm8,inBCG,Ch,inBCG-Ch,531,7,22-Feb-19,9.85E+14,104.2,40.1
Rm8,inBCG,Ch,inBCG-Ch,531,8,23-Feb-19,9.85E+14,103.4,39.7
Rm8,inBCG,Ch,inBCG-Ch,531,9,24-Feb-19,9.85E+14,103,39.4
Rm8,inBCG,Ch,inBCG-Ch,531,10,25-Feb-19,9.85E+14,104.4,40.2
Rm8,inBCG,Ch,inBCG-Ch,531,11,26-Feb-19,9.85E+14,104.6,40.3
Rm8,inBCG,Ch,inBCG-Ch,531,12,27-Feb-19,9.85E+14,104.4,40.2
Rm8,inBCG,Ch,inBCG-Ch,531,13,28-Feb-19,9.85E+14,103.8,39.9
Rm8,inBCG,Ch,inBCG-Ch,531,14,1-Mar-19,9.85E+14,104,40
Rm9,inBCG,Ch,inBCG-Ch,532,0,15-Feb-19,9.85E+14,103,39.4
Rm9,inBCG,Ch,inBCG-Ch,532,1,16-Feb-19,9.85E+14,103.6,39.8
Rm9,inBCG,Ch,inBCG-Ch,532,2,17-Feb-19,9.85E+14,103.8,39.9
Rm9,inBCG,Ch,inBCG-Ch,532,3,18-Feb-19,9.85E+14,105.2,40.7
Rm9,inBCG,Ch,inBCG-Ch,532,4,19-Feb-19,9.85E+14,105.2,40.7
Rm9,inBCG,Ch,inBCG-Ch,532,5,20-Feb-19,9.85E+14,104.4,40.2
Rm9,inBCG,Ch,inBCG-Ch,532,7,22-Feb-19,9.85E+14,104.2,40.1
Rm9,inBCG,Ch,inBCG-Ch,532,8,23-Feb-19,9.85E+14,105.4,40.8
Rm9,inBCG,Ch,inBCG-Ch,532,9,24-Feb-19,9.85E+14,104.6,40.3
Rm9,inBCG,Ch,inBCG-Ch,532,10,25-Feb-19,9.85E+14,103.8,39.9
Rm9,inBCG,Ch,inBCG-Ch,532,11,26-Feb-19,9.85E+14,105.4,40.8
Rm9,inBCG,Ch,inBCG-Ch,532,12,27-Feb-19,9.85E+14,104.8,40.4
Rm9,inBCG,Ch,inBCG-Ch,532,13,28-Feb-19,9.85E+14,104,40
Rm9,inBCG,Ch,inBCG-Ch,532,14,1-Mar-19,9.85E+14,104,40
Rm9,inBCG,Ch,inBCG-Ch,537,0,15-Feb-19,9.85E+14,103,39.4
Rm9,inBCG,Ch,inBCG-Ch,537,1,16-Feb-19,9.85E+14,103.2,39.5
Rm9,inBCG,Ch,inBCG-Ch,537,2,17-Feb-19,9.85E+14,101.8,38.8
Rm9,inBCG,Ch,inBCG-Ch,537,3,18-Feb-19,9.85E+14,104.2,40.1
Rm9,inBCG,Ch,inBCG-Ch,537,4,19-Feb-19,9.85E+14,104.2,40.1
Rm9,inBCG,Ch,inBCG-Ch,537,5,20-Feb-19,9.85E+14,104,40
Rm9,inBCG,Ch,inBCG-Ch,537,7,22-Feb-19,9.85E+14,103.6,39.8
Rm9,inBCG,Ch,inBCG-Ch,537,8,23-Feb-19,9.85E+14,104,40
Rm9,inBCG,Ch,inBCG-Ch,537,9,24-Feb-19,9.85E+14,104.6,40.3
Rm9,inBCG,Ch,inBCG-Ch,537,10,25-Feb-19,9.85E+14,104,40
Rm9,inBCG,Ch,inBCG-Ch,537,11,26-Feb-19,9.85E+14,104.8,40.4
Rm9,inBCG,Ch,inBCG-Ch,537,12,27-Feb-19,9.85E+14,105,40.5
Rm9,inBCG,Ch,inBCG-Ch,537,13,28-Feb-19,9.85E+14,104.8,40.4
Rm9,inBCG,Ch,inBCG-Ch,537,14,1-Mar-19,9.85E+14,104.4,40.2
Rm9,inBCG,Ch,inBCG-Ch,539,0,15-Feb-19,9.85E+14,103.8,39.9
Rm9,inBCG,Ch,inBCG-Ch,539,1,16-Feb-19,9.85E+14,103.8,39.9
Rm9,inBCG,Ch,inBCG-Ch,539,2,17-Feb-19,9.85E+14,104.2,40.1
Rm9,inBCG,Ch,inBCG-Ch,539,3,18-Feb-19,9.85E+14,106.4,41.3
Rm9,inBCG,Ch,inBCG-Ch,539,4,19-Feb-19,9.85E+14,105,40.5
Rm9,inBCG,Ch,inBCG-Ch,539,5,20-Feb-19,9.85E+14,104.2,40.1
Rm9,inBCG,Ch,inBCG-Ch,539,6,21-Feb-19,9.85E+14,104.4,40.2
Rm9,inBCG,Ch,inBCG-Ch,539,7,22-Feb-19,9.85E+14,104.2,40.1
Rm9,inBCG,Ch,inBCG-Ch,539,8,23-Feb-19,9.85E+14,105.6,40.9
Rm9,inBCG,Ch,inBCG-Ch,539,9,24-Feb-19,9.85E+14,106,41.1
Rm9,inBCG,Ch,inBCG-Ch,539,10,25-Feb-19,9.85E+14,105.6,40.9
Rm9,inBCG,Ch,inBCG-Ch,539,11,26-Feb-19,9.85E+14,106.4,41.3
Rm9,inBCG,Ch,inBCG-Ch,539,12,27-Feb-19,9.85E+14,105.4,40.8
Rm9,inBCG,Ch,inBCG-Ch,539,13,28-Feb-19,9.85E+14,104.4,40.2
Rm9,inBCG,Ch,inBCG-Ch,539,14,1-Mar-19,9.85E+14,104.6,40.3
Rm9,inBCG,Ch,inBCG-Ch,540,0,15-Feb-19,9.85E+14,104,40
Rm9,inBCG,Ch,inBCG-Ch,540,1,16-Feb-19,9.85E+14,104.2,40.1
Rm9,inBCG,Ch,inBCG-Ch,540,2,17-Feb-19,9.85E+14,104.6,40.3
Rm9,inBCG,Ch,inBCG-Ch,540,3,18-Feb-19,9.85E+14,104.8,40.4
Rm9,inBCG,Ch,inBCG-Ch,540,4,19-Feb-19,9.85E+14,105.4,40.8
Rm9,inBCG,Ch,inBCG-Ch,540,4,19-Feb-19,9.85E+14,105.6,40.9
Rm9,inBCG,Ch,inBCG-Ch,540,5,20-Feb-19,9.85E+14,106,41.1
Rm9,inBCG,Ch,inBCG-Ch,540,6,21-Feb-19,9.85E+14,104.2,40.1
Rm9,inBCG,Ch,inBCG-Ch,540,7,22-Feb-19,9.85E+14,105.1,40.6
Rm9,inBCG,Ch,inBCG-Ch,540,8,23-Feb-19,9.85E+14,104.8,40.4
Rm9,inBCG,Ch,inBCG-Ch,540,9,24-Feb-19,9.85E+14,105.2,40.7
Rm9,inBCG,Ch,inBCG-Ch,540,10,25-Feb-19,9.85E+14,104.8,40.4
Rm9,inBCG,Ch,inBCG-Ch,540,11,26-Feb-19,9.85E+14,105.8,41
Rm9,inBCG,Ch,inBCG-Ch,540,12,27-Feb-19,9.85E+14,104.8,40.4
Rm9,inBCG,Ch,inBCG-Ch,540,13,28-Feb-19,9.85E+14,104.6,40.3
Rm10,inBCG,Ch,inBCG-Ch,541,0,15-Feb-19,9.85E+14,103.2,39.5
Rm10,inBCG,Ch,inBCG-Ch,541,1,16-Feb-19,9.85E+14,103.8,39.9
Rm10,inBCG,Ch,inBCG-Ch,541,2,17-Feb-19,9.85E+14,104,40
Rm10,inBCG,Ch,inBCG-Ch,541,3,18-Feb-19,9.85E+14,104.2,40.1
Rm10,inBCG,Ch,inBCG-Ch,541,4,19-Feb-19,9.85E+14,104.8,40.4
Rm10,inBCG,Ch,inBCG-Ch,541,5,20-Feb-19,9.85E+14,104.2,40.1
Rm10,inBCG,Ch,inBCG-Ch,541,6,21-Feb-19,9.85E+14,104,40
Rm10,inBCG,Ch,inBCG-Ch,541,7,22-Feb-19,9.85E+14,105.4,40.8
Rm10,inBCG,Ch,inBCG-Ch,541,8,23-Feb-19,9.85E+14,104.4,40.2
Rm10,inBCG,Ch,inBCG-Ch,541,9,24-Feb-19,9.85E+14,103.6,39.8
Rm10,inBCG,Ch,inBCG-Ch,541,10,25-Feb-19,9.85E+14,104.4,40.2
Rm10,inBCG,Ch,inBCG-Ch,541,11,26-Feb-19,9.85E+14,104,40
Rm10,inBCG,Ch,inBCG-Ch,541,12,27-Feb-19,9.85E+14,105,40.5
Rm10,inBCG,Ch,inBCG-Ch,541,13,28-Feb-19,9.85E+14,104.8,40.4
Rm10,inBCG,Ch,inBCG-Ch,541,14,1-Mar-19,9.85E+14,104,40
Rm10,inBCG,Ch,inBCG-Ch,542,0,15-Feb-19,9.85E+14,103.6,39.8
Rm10,inBCG,Ch,inBCG-Ch,542,1,16-Feb-19,9.85E+14,103.6,39.8
Rm10,inBCG,Ch,inBCG-Ch,542,2,17-Feb-19,9.85E+14,103.6,39.8
Rm10,inBCG,Ch,inBCG-Ch,542,3,18-Feb-19,9.85E+14,104,40
Rm10,inBCG,Ch,inBCG-Ch,542,4,19-Feb-19,9.85E+14,104.6,40.3
Rm10,inBCG,Ch,inBCG-Ch,542,5,20-Feb-19,9.85E+14,104.6,40.3
Rm10,inBCG,Ch,inBCG-Ch,542,6,21-Feb-19,9.85E+14,104.2,40.1
Rm10,inBCG,Ch,inBCG-Ch,542,7,22-Feb-19,9.85E+14,104.8,40.4
Rm10,inBCG,Ch,inBCG-Ch,542,8,23-Feb-19,9.85E+14,103.8,39.9
Rm10,inBCG,Ch,inBCG-Ch,542,9,24-Feb-19,9.85E+14,104.8,40.4
Rm10,inBCG,Ch,inBCG-Ch,542,10,25-Feb-19,9.85E+14,104.8,40.4
Rm10,inBCG,Ch,inBCG-Ch,542,11,26-Feb-19,9.85E+14,105,40.5
Rm10,inBCG,Ch,inBCG-Ch,542,12,27-Feb-19,9.85E+14,105.4,40.8
Rm10,inBCG,Ch,inBCG-Ch,542,13,28-Feb-19,9.85E+14,105,40.5
Rm10,inBCG,Ch,inBCG-Ch,542,14,1-Mar-19,9.85E+14,104.6,40.3
Rm10,inBCG,Ch,inBCG-Ch,547,0,15-Feb-19,9.85E+14,103.2,39.5
Rm10,inBCG,Ch,inBCG-Ch,547,1,16-Feb-19,9.85E+14,103.2,39.5
Rm10,inBCG,Ch,inBCG-Ch,547,2,17-Feb-19,9.85E+14,103,39.4
Rm10,inBCG,Ch,inBCG-Ch,547,3,18-Feb-19,9.85E+14,103.6,39.8
Rm10,inBCG,Ch,inBCG-Ch,547,4,19-Feb-19,9.85E+14,104.4,40.2
Rm10,inBCG,Ch,inBCG-Ch,547,5,20-Feb-19,9.85E+14,106,41.1
Rm10,inBCG,Ch,inBCG-Ch,547,6,21-Feb-19,9.85E+14,104.4,40.2
Rm10,inBCG,Ch,inBCG-Ch,547,7,22-Feb-19,9.85E+14,103.8,39.9
Rm10,inBCG,Ch,inBCG-Ch,547,8,23-Feb-19,9.85E+14,104.6,40.3
Rm10,inBCG,Ch,inBCG-Ch,547,9,24-Feb-19,9.85E+14,104,40
Rm10,inBCG,Ch,inBCG-Ch,547,10,25-Feb-19,9.85E+14,104.8,40.4
Rm10,inBCG,Ch,inBCG-Ch,547,11,26-Feb-19,9.85E+14,105,40.5
Rm10,inBCG,Ch,inBCG-Ch,547,12,27-Feb-19,9.85E+14,105,40.5
Rm10,inBCG,Ch,inBCG-Ch,547,13,28-Feb-19,9.85E+14,104.4,40.2
Rm10,inBCG,Ch,inBCG-Ch,547,14,1-Mar-19,9.85E+14,104.8,40.4
Rm10,inBCG,Ch,inBCG-Ch,548,0,15-Feb-19,9.85E+14,103.4,39.7
Rm10,inBCG,Ch,inBCG-Ch,548,1,16-Feb-19,9.85E+14,103,39.4
Rm10,inBCG,Ch,inBCG-Ch,548,2,17-Feb-19,9.85E+14,103.8,39.9
Rm10,inBCG,Ch,inBCG-Ch,548,3,18-Feb-19,9.85E+14,104.4,40.2
Rm10,inBCG,Ch,inBCG-Ch,548,4,19-Feb-19,9.85E+14,104.4,40.2
Rm10,inBCG,Ch,inBCG-Ch,548,5,20-Feb-19,9.85E+14,104.4,40.2
Rm10,inBCG,Ch,inBCG-Ch,548,6,21-Feb-19,9.85E+14,105,40.5
Rm10,inBCG,Ch,inBCG-Ch,548,7,22-Feb-19,9.85E+14,105.6,40.9
Rm10,inBCG,Ch,inBCG-Ch,548,8,23-Feb-19,9.85E+14,104.4,40.2
Rm10,inBCG,Ch,inBCG-Ch,548,9,24-Feb-19,9.85E+14,106.6,41.4
Rm10,inBCG,Ch,inBCG-Ch,548,10,25-Feb-19,9.85E+14,104.8,40.4
Rm10,inBCG,Ch,inBCG-Ch,548,11,26-Feb-19,9.85E+14,103.6,39.8
Rm10,inBCG,Ch,inBCG-Ch,548,12,27-Feb-19,9.85E+14,104,40
Rm10,inBCG,Ch,inBCG-Ch,548,13,28-Feb-19,9.85E+14,104.4,40.2
Rm10,inBCG,Ch,inBCG-Ch,548,14,1-Mar-19,9.85E+14,103.6,39.8
Rm6,inBCG,Crl,Mock,549,0,15-Feb-19,9.85E+14,103,39.4
Rm6,inBCG,Crl,Mock,549,1,16-Feb-19,9.85E+14,103.4,39.7
Rm6,inBCG,Crl,Mock,549,2,17-Feb-19,9.85E+14,103.4,39.7
Rm6,inBCG,Crl,Mock,549,3,18-Feb-19,9.85E+14,103.8,39.9
Rm6,inBCG,Crl,Mock,549,4,19-Feb-19,9.85E+14,103.6,39.8
Rm6,inBCG,Crl,Mock,549,5,20-Feb-19,9.85E+14,103.8,39.9
Rm6,inBCG,Crl,Mock,549,6,21-Feb-19,9.85E+14,104,40
Rm6,inBCG,Crl,Mock,549,7,22-Feb-19,9.85E+14,103.2,39.5
Rm6,inBCG,Crl,Mock,549,8,23-Feb-19,9.85E+14,103.8,39.9
Rm6,inBCG,Crl,Mock,549,9,24-Feb-19,9.85E+14,103,39.4
Rm6,inBCG,Crl,Mock,549,10,25-Feb-19,9.85E+14,103.8,39.9
Rm6,inBCG,Crl,Mock,549,11,26-Feb-19,9.85E+14,103.4,39.7
Rm6,inBCG,Crl,Mock,549,12,27-Feb-19,9.85E+14,103.4,39.7
Rm6,inBCG,Crl,Mock,549,13,28-Feb-19,9.85E+14,103.8,39.9
Rm6,inBCG,Crl,Mock,549,14,1-Mar-19,9.85E+14,102.8,39.3
Rm6,inBCG,Crl,Mock,550,0,15-Feb-19,9.85E+14,103,39.4
Rm6,inBCG,Crl,Mock,550,1,16-Feb-19,9.85E+14,103.4,39.7
Rm6,inBCG,Crl,Mock,550,2,17-Feb-19,9.85E+14,103.6,39.8
Rm6,inBCG,Crl,Mock,550,3,18-Feb-19,9.85E+14,103.2,39.5
Rm6,inBCG,Crl,Mock,550,4,19-Feb-19,9.85E+14,103,39.4
Rm6,inBCG,Crl,Mock,550,5,20-Feb-19,9.85E+14,104,40
Rm6,inBCG,Crl,Mock,550,6,21-Feb-19,9.85E+14,103.2,39.5
Rm6,inBCG,Crl,Mock,550,7,22-Feb-19,9.85E+14,103.8,39.9
Rm6,inBCG,Crl,Mock,550,8,23-Feb-19,9.85E+14,103.4,39.7
Rm6,inBCG,Crl,Mock,550,9,24-Feb-19,9.85E+14,103.2,39.5
Rm6,inBCG,Crl,Mock,550,10,25-Feb-19,9.85E+14,104,40
Rm6,inBCG,Crl,Mock,550,11,26-Feb-19,9.85E+14,103.8,39.9
Rm6,inBCG,Crl,Mock,550,12,27-Feb-19,9.85E+14,103.6,39.8
Rm6,inBCG,Crl,Mock,550,13,28-Feb-19,9.85E+14,103.8,39.9
Rm6,inBCG,Crl,Mock,550,14,1-Mar-19,9.85E+14,103.4,39.7
Rm6,inBCG,Crl,Mock,551,0,15-Feb-19,9.85E+14,103.6,39.8
Rm6,inBCG,Crl,Mock,551,2,17-Feb-19,9.85E+14,103,39.4
Rm6,inBCG,Crl,Mock,551,3,18-Feb-19,9.85E+14,103,39.4
Rm6,inBCG,Crl,Mock,551,4,19-Feb-19,9.85E+14,103.4,39.7
Rm6,inBCG,Crl,Mock,551,5,20-Feb-19,9.85E+14,104.2,40.1
Rm6,inBCG,Crl,Mock,551,6,21-Feb-19,9.85E+14,103.6,39.8
Rm6,inBCG,Crl,Mock,551,7,22-Feb-19,9.85E+14,104,40
Rm6,inBCG,Crl,Mock,551,8,23-Feb-19,9.85E+14,103.8,39.9
Rm6,inBCG,Crl,Mock,551,9,24-Feb-19,9.85E+14,103.2,39.5
Rm6,inBCG,Crl,Mock,551,10,25-Feb-19,9.85E+14,103.8,39.9
Rm6,inBCG,Crl,Mock,551,11,26-Feb-19,9.85E+14,104,40
Rm6,inBCG,Crl,Mock,551,12,27-Feb-19,9.85E+14,103.2,39.5
Rm6,inBCG,Crl,Mock,551,13,28-Feb-19,9.85E+14,104,40
Rm6,inBCG,Crl,Mock,551,14,1-Mar-19,9.85E+14,102.8,39.3
Rm6,inBCG,MockSed,Mock,552,0,14-Feb-19,9.85E+14,104.2,40.1
Rm7,inBCG,MockSed,Mock,552,1,14-Feb-19,9.85E+14,104.2,40.1
Rm6,inBCG,MockSed,Mock,552,2,16-Feb-19,9.85E+14,103.4,39.7
Rm6,inBCG,MockSed,Mock,552,3,17-Feb-19,9.85E+14,103.8,39.9
Rm6,inBCG,MockSed,Mock,552,4,18-Feb-19,9.85E+14,104,40
Rm7,inBCG,MockSed,Mock,552,5,19-Feb-19,9.85E+14,103,39.4
Rm7,inBCG,MockSed,Mock,552,6,20-Feb-19,9.85E+14,103.4,39.7
Rm7,inBCG,MockSed,Mock,552,7,21-Feb-19,9.85E+14,103.4,39.7
Rm7,inBCG,MockSed,Mock,552,8,22-Feb-19,9.85E+14,104,40
Rm7,inBCG,MockSed,Mock,552,9,23-Feb-19,9.85E+14,103.6,39.8
Rm7,inBCG,MockSed,Mock,552,10,24-Feb-19,9.85E+14,103,39.4
Rm7,inBCG,MockSed,Mock,552,11,25-Feb-19,9.85E+14,103.6,39.8
Rm7,inBCG,MockSed,Mock,552,12,26-Feb-19,9.85E+14,103.7,39.85
Rm7,inBCG,MockSed,Mock,552,13,27-Feb-19,9.85E+14,103.8,39.9
Rm7,inBCG,MockSed,Mock,552,14,28-Feb-19,9.85E+14,103.8,39.9
Rm7,inBCG,MockSed,Mock,552,15,1-Mar-19,9.85E+14,103.2,39.5
Rm8,lvBCG,Ch,lvBCG-Ch,558,0,15-Feb-19,9.85E+14,103.6,39.8
Rm8,lvBCG,Ch,lvBCG-Ch,558,1,16-Feb-19,9.85E+14,103.6,39.8
Rm8,lvBCG,Ch,lvBCG-Ch,558,2,17-Feb-19,9.85E+14,103.4,39.7
Rm8,lvBCG,Ch,lvBCG-Ch,558,3,18-Feb-19,9.85E+14,104,40
Rm8,lvBCG,Ch,lvBCG-Ch,558,4,19-Feb-19,9.85E+14,104.6,40.3
Rm8,lvBCG,Ch,lvBCG-Ch,558,5,20-Feb-19,9.85E+14,104,40
Rm8,lvBCG,Ch,lvBCG-Ch,558,6,21-Feb-19,9.85E+14,104.4,40.2
Rm8,lvBCG,Ch,lvBCG-Ch,558,7,22-Feb-19,9.85E+14,105.2,40.7
Rm8,lvBCG,Ch,lvBCG-Ch,558,8,23-Feb-19,9.85E+14,104.2,40.1
Rm8,lvBCG,Ch,lvBCG-Ch,558,9,24-Feb-19,9.85E+14,103.6,39.8
Rm8,lvBCG,Ch,lvBCG-Ch,558,10,25-Feb-19,9.85E+14,104,40
Rm8,lvBCG,Ch,lvBCG-Ch,558,11,26-Feb-19,9.85E+14,104.2,40.1
Rm8,lvBCG,Ch,lvBCG-Ch,558,11,26-Feb-19,9.85E+14,104.2,40.1
Rm8,lvBCG,Ch,lvBCG-Ch,558,12,27-Feb-19,9.85E+14,104.6,40.3
Rm8,lvBCG,Ch,lvBCG-Ch,558,13,28-Feb-19,9.85E+14,104.8,40.4
Rm8,lvBCG,Ch,lvBCG-Ch,558,14,1-Mar-19,9.85E+14,104.6,40.3
Rm8,lvBCG,Ch,lvBCG-Ch,559,0,15-Feb-19,9.85E+14,101.8,38.8
Rm8,lvBCG,Ch,lvBCG-Ch,559,1,16-Feb-19,9.85E+14,103.6,39.8
Rm8,lvBCG,Ch,lvBCG-Ch,559,2,17-Feb-19,9.85E+14,103.4,39.7
Rm8,lvBCG,Ch,lvBCG-Ch,559,3,18-Feb-19,9.85E+14,103.6,39.8
Rm8,lvBCG,Ch,lvBCG-Ch,559,4,19-Feb-19,9.85E+14,106,41.1
Rm8,lvBCG,Ch,lvBCG-Ch,559,5,20-Feb-19,9.85E+14,105.6,40.9
Rm8,lvBCG,Ch,lvBCG-Ch,559,6,21-Feb-19,9.85E+14,105,40.5
Rm8,lvBCG,Ch,lvBCG-Ch,559,7,22-Feb-19,9.85E+14,104.2,40.1
Rm8,lvBCG,Ch,lvBCG-Ch,559,8,23-Feb-19,9.85E+14,105,40.5
Rm8,lvBCG,Ch,lvBCG-Ch,559,9,24-Feb-19,9.85E+14,105.4,40.8
Rm8,lvBCG,Ch,lvBCG-Ch,559,10,25-Feb-19,9.85E+14,104.6,40.3
Rm8,lvBCG,Ch,lvBCG-Ch,559,11,26-Feb-19,9.85E+14,104.4,40.2
Rm8,lvBCG,Ch,lvBCG-Ch,559,12,27-Feb-19,9.85E+14,104.2,40.1
Rm8,lvBCG,Ch,lvBCG-Ch,559,13,28-Feb-19,9.85E+14,103.2,39.5
Rm8,lvBCG,Ch,lvBCG-Ch,559,14,1-Mar-19,9.85E+14,103.6,39.8
Rm8,lvBCG,Ch,lvBCG-Ch,560,0,15-Feb-19,9.85E+14,103.4,39.7
Rm8,lvBCG,Ch,lvBCG-Ch,560,1,16-Feb-19,9.85E+14,103.8,39.9
Rm8,lvBCG,Ch,lvBCG-Ch,560,2,17-Feb-19,9.85E+14,104.2,40.1
Rm8,lvBCG,Ch,lvBCG-Ch,560,3,18-Feb-19,9.85E+14,105.2,40.7
Rm8,lvBCG,Ch,lvBCG-Ch,560,4,19-Feb-19,9.85E+14,103.8,39.9
Rm8,lvBCG,Ch,lvBCG-Ch,560,5,20-Feb-19,9.85E+14,103.6,39.8
Rm8,lvBCG,Ch,lvBCG-Ch,560,6,21-Feb-19,9.85E+14,105,40.5
Rm8,lvBCG,Ch,lvBCG-Ch,560,7,22-Feb-19,9.85E+14,104.6,40.3
Rm8,lvBCG,Ch,lvBCG-Ch,560,8,23-Feb-19,9.85E+14,104.8,40.4
Rm8,lvBCG,Ch,lvBCG-Ch,560,9,24-Feb-19,9.85E+14,105.8,41
Rm8,lvBCG,Ch,lvBCG-Ch,560,10,25-Feb-19,9.85E+14,105.6,40.9
Rm8,lvBCG,Ch,lvBCG-Ch,560,11,26-Feb-19,9.85E+14,106.2,41.2
Rm8,lvBCG,Ch,lvBCG-Ch,560,12,27-Feb-19,9.85E+14,105,40.5
Rm8,lvBCG,Ch,lvBCG-Ch,560,13,28-Feb-19,9.85E+14,105.2,40.7
Rm8,lvBCG,Ch,lvBCG-Ch,560,14,1-Mar-19,9.85E+14,104.6,40.3
Rm8,lvBCG,Ch,lvBCG-Ch,561,0,15-Feb-19,9.85E+14,103.6,39.8
Rm8,lvBCG,Ch,lvBCG-Ch,561,1,16-Feb-19,9.85E+14,103.8,39.9
Rm8,lvBCG,Ch,lvBCG-Ch,561,2,17-Feb-19,9.85E+14,103.8,39.9
Rm8,lvBCG,Ch,lvBCG-Ch,561,3,18-Feb-19,9.85E+14,105,40.5
Rm8,lvBCG,Ch,lvBCG-Ch,561,4,19-Feb-19,9.85E+14,104.6,40.3
Rm8,lvBCG,Ch,lvBCG-Ch,561,5,20-Feb-19,9.85E+14,104.1,40.05
Rm8,lvBCG,Ch,lvBCG-Ch,561,6,21-Feb-19,9.85E+14,104,40
Rm8,lvBCG,Ch,lvBCG-Ch,561,7,22-Feb-19,9.85E+14,103.6,39.8
Rm8,lvBCG,Ch,lvBCG-Ch,561,8,23-Feb-19,9.85E+14,103.4,39.7
Rm8,lvBCG,Ch,lvBCG-Ch,561,8,23-Feb-19,9.85E+14,103.6,39.8
Rm8,lvBCG,Ch,lvBCG-Ch,561,9,24-Feb-19,9.85E+14,103.6,39.8
Rm8,lvBCG,Ch,lvBCG-Ch,561,10,25-Feb-19,9.85E+14,103.6,39.8
Rm8,lvBCG,Ch,lvBCG-Ch,561,11,26-Feb-19,9.85E+14,104,40
Rm8,lvBCG,Ch,lvBCG-Ch,561,12,27-Feb-19,9.85E+14,104.8,40.4
Rm8,lvBCG,Ch,lvBCG-Ch,561,13,28-Feb-19,9.85E+14,104.4,40.2
Rm8,lvBCG,Ch,lvBCG-Ch,561,14,1-Mar-19,9.85E+14,104.4,40.2
Rm9,lvBCG,Ch,lvBCG-Ch,562,0,15-Feb-19,9.85E+14,103.4,39.7
Rm9,lvBCG,Ch,lvBCG-Ch,562,1,16-Feb-19,9.85E+14,103.4,39.7
Rm9,lvBCG,Ch,lvBCG-Ch,562,2,17-Feb-19,9.85E+14,104,40
Rm9,lvBCG,Ch,lvBCG-Ch,562,3,18-Feb-19,9.85E+14,103.4,39.7
Rm9,lvBCG,Ch,lvBCG-Ch,562,4,19-Feb-19,9.85E+14,104,40
Rm9,lvBCG,Ch,lvBCG-Ch,562,5,20-Feb-19,9.85E+14,107,41.7
Rm9,lvBCG,Ch,lvBCG-Ch,562,6,21-Feb-19,9.85E+14,105.2,40.7
Rm9,lvBCG,Ch,lvBCG-Ch,562,7,22-Feb-19,9.85E+14,104.4,40.2
Rm9,lvBCG,Ch,lvBCG-Ch,562,8,23-Feb-19,9.85E+14,104.6,40.3
Rm9,lvBCG,Ch,lvBCG-Ch,562,9,24-Feb-19,9.85E+14,104.2,40.1
Rm9,lvBCG,Ch,lvBCG-Ch,562,10,25-Feb-19,9.85E+14,104.2,40.1
Rm9,lvBCG,Ch,lvBCG-Ch,562,11,26-Feb-19,9.85E+14,104.6,40.3
Rm9,lvBCG,Ch,lvBCG-Ch,562,12,27-Feb-19,9.85E+14,105,40.5
Rm9,lvBCG,Ch,lvBCG-Ch,562,13,28-Feb-19,9.85E+14,104.8,40.4
Rm9,lvBCG,Ch,lvBCG-Ch,562,14,1-Mar-19,9.85E+14,104.8,40.4
Rm9,lvBCG,Ch,lvBCG-Ch,563,0,15-Feb-19,9.85E+14,103.8,39.9
Rm9,lvBCG,Ch,lvBCG-Ch,563,1,16-Feb-19,9.85E+14,103.2,39.5
Rm9,lvBCG,Ch,lvBCG-Ch,563,2,17-Feb-19,9.85E+14,103.4,39.7
Rm9,lvBCG,Ch,lvBCG-Ch,563,3,18-Feb-19,9.85E+14,106.4,41.3
Rm9,lvBCG,Ch,lvBCG-Ch,563,4,19-Feb-19,9.85E+14,104.6,40.3
Rm9,lvBCG,Ch,lvBCG-Ch,563,5,20-Feb-19,9.85E+14,105.6,40.9
Rm9,lvBCG,Ch,lvBCG-Ch,563,6,21-Feb-19,9.85E+14,105,40.5
Rm9,lvBCG,Ch,lvBCG-Ch,563,7,22-Feb-19,9.85E+14,105.8,41
Rm9,lvBCG,Ch,lvBCG-Ch,563,8,23-Feb-19,9.85E+14,104.6,40.3
Rm9,lvBCG,Ch,lvBCG-Ch,563,9,24-Feb-19,9.85E+14,105.2,40.7
Rm9,lvBCG,Ch,lvBCG-Ch,563,10,25-Feb-19,9.85E+14,107.6,42
Rm9,lvBCG,Ch,lvBCG-Ch,563,11,26-Feb-19,9.85E+14,106,41.1
Rm9,lvBCG,Ch,lvBCG-Ch,563,12,27-Feb-19,9.85E+14,106.8,41.6
Rm9,lvBCG,Ch,lvBCG-Ch,563,13,28-Feb-19,9.85E+14,104.8,40.4
Rm9,lvBCG,Ch,lvBCG-Ch,563,14,1-Mar-19,9.85E+14,104.6,40.3
Rm9,lvBCG,Ch,lvBCG-Ch,568,0,15-Feb-19,9.85E+14,104.2,40.1
Rm9,lvBCG,Ch,lvBCG-Ch,568,1,16-Feb-19,9.85E+14,104,40
Rm9,lvBCG,Ch,lvBCG-Ch,568,1,16-Feb-19,9.85E+14,104.4,40.2
Rm9,lvBCG,Ch,lvBCG-Ch,568,2,17-Feb-19,9.85E+14,105.6,40.9
Rm9,lvBCG,Ch,lvBCG-Ch,568,3,18-Feb-19,9.85E+14,104,40
Rm9,lvBCG,Ch,lvBCG-Ch,568,5,20-Feb-19,9.85E+14,105,40.5
Rm9,lvBCG,Ch,lvBCG-Ch,568,6,21-Feb-19,9.85E+14,105.4,40.8
Rm9,lvBCG,Ch,lvBCG-Ch,568,7,22-Feb-19,9.85E+14,104.8,40.4
Rm9,lvBCG,Ch,lvBCG-Ch,568,8,23-Feb-19,9.85E+14,105,40.5
Rm9,lvBCG,Ch,lvBCG-Ch,568,9,24-Feb-19,9.85E+14,105,40.5
Rm9,lvBCG,Ch,lvBCG-Ch,568,10,25-Feb-19,9.85E+14,104,40
Rm9,lvBCG,Ch,lvBCG-Ch,568,11,26-Feb-19,9.85E+14,104.8,40.4
Rm9,lvBCG,Ch,lvBCG-Ch,568,12,27-Feb-19,9.85E+14,104.4,40.2
Rm9,lvBCG,Ch,lvBCG-Ch,568,13,28-Feb-19,9.85E+14,104,40
Rm9,lvBCG,Ch,lvBCG-Ch,568,14,1-Mar-19,9.85E+14,104.2,40.1
Rm9,lvBCG,Ch,lvBCG-Ch,569,0,15-Feb-19,9.85E+14,105.2,40.7
Rm9,lvBCG,Ch,lvBCG-Ch,569,1,16-Feb-19,9.85E+14,103.2,39.5
Rm9,lvBCG,Ch,lvBCG-Ch,569,2,17-Feb-19,9.85E+14,105.6,40.9
Rm9,lvBCG,Ch,lvBCG-Ch,569,3,18-Feb-19,9.85E+14,103.4,39.7
Rm9,lvBCG,Ch,lvBCG-Ch,569,4,19-Feb-19,9.85E+14,103,39.4
Rm9,lvBCG,Ch,lvBCG-Ch,569,5,20-Feb-19,9.85E+14,102.8,39.3
Rm9,lvBCG,Ch,lvBCG-Ch,569,6,21-Feb-19,9.85E+14,104.2,40.1
Rm9,lvBCG,Ch,lvBCG-Ch,569,7,22-Feb-19,9.85E+14,105.8,41
Rm9,lvBCG,Ch,lvBCG-Ch,569,8,23-Feb-19,9.85E+14,104.8,40.4
Rm9,lvBCG,Ch,lvBCG-Ch,569,9,24-Feb-19,9.85E+14,104.2,40.1
Rm9,lvBCG,Ch,lvBCG-Ch,569,10,25-Feb-19,9.85E+14,105.2,40.7
Rm9,lvBCG,Ch,lvBCG-Ch,569,11,26-Feb-19,9.85E+14,104.8,40.4
Rm9,lvBCG,Ch,lvBCG-Ch,569,12,27-Feb-19,9.85E+14,104.6,40.3
Rm9,lvBCG,Ch,lvBCG-Ch,569,13,28-Feb-19,9.85E+14,104,40
Rm9,lvBCG,Ch,lvBCG-Ch,569,14,1-Mar-19,9.85E+14,104.4,40.2
Rm10,lvBCG,Ch,lvBCG-Ch,570,0,15-Feb-19,9.85E+14,103.6,39.8
Rm10,lvBCG,Ch,lvBCG-Ch,570,1,16-Feb-19,9.85E+14,103.6,39.8
Rm10,lvBCG,Ch,lvBCG-Ch,570,2,17-Feb-19,9.85E+14,104,40
Rm10,lvBCG,Ch,lvBCG-Ch,570,3,18-Feb-19,9.85E+14,103.6,39.8
Rm10,lvBCG,Ch,lvBCG-Ch,570,4,19-Feb-19,9.85E+14,104.2,40.1
Rm10,lvBCG,Ch,lvBCG-Ch,570,5,20-Feb-19,9.85E+14,105.2,40.7
Rm10,lvBCG,Ch,lvBCG-Ch,570,6,21-Feb-19,9.85E+14,104,40
Rm10,lvBCG,Ch,lvBCG-Ch,570,7,22-Feb-19,9.85E+14,104.6,40.3
Rm10,lvBCG,Ch,lvBCG-Ch,570,8,23-Feb-19,9.85E+14,104.4,40.2
Rm10,lvBCG,Ch,lvBCG-Ch,570,9,24-Feb-19,9.85E+14,104.2,40.1
Rm10,lvBCG,Ch,lvBCG-Ch,570,10,25-Feb-19,9.85E+14,104.2,40.1
Rm10,lvBCG,Ch,lvBCG-Ch,570,11,26-Feb-19,9.85E+14,104.2,40.1
Rm10,lvBCG,Ch,lvBCG-Ch,570,12,27-Feb-19,9.85E+14,105.2,40.7
Rm10,lvBCG,Ch,lvBCG-Ch,570,13,28-Feb-19,9.85E+14,104.8,40.4
Rm10,lvBCG,Ch,lvBCG-Ch,570,14,1-Mar-19,9.85E+14,105.4,40.8
Rm10,lvBCG,Ch,lvBCG-Ch,571,0,15-Feb-19,9.85E+14,103.4,39.7
Rm10,lvBCG,Ch,lvBCG-Ch,571,1,16-Feb-19,9.85E+14,103.2,39.5
Rm10,lvBCG,Ch,lvBCG-Ch,571,2,17-Feb-19,9.85E+14,104.2,40.1
Rm10,lvBCG,Ch,lvBCG-Ch,571,3,18-Feb-19,9.85E+14,103.4,39.7
Rm10,lvBCG,Ch,lvBCG-Ch,571,4,19-Feb-19,9.85E+14,104,40
Rm10,lvBCG,Ch,lvBCG-Ch,571,5,20-Feb-19,9.85E+14,103.8,39.9
Rm10,lvBCG,Ch,lvBCG-Ch,571,7,22-Feb-19,9.85E+14,104.4,40.2
Rm10,lvBCG,Ch,lvBCG-Ch,571,8,23-Feb-19,9.85E+14,105,40.5
Rm10,lvBCG,Ch,lvBCG-Ch,571,9,24-Feb-19,9.85E+14,105.8,41
Rm10,lvBCG,Ch,lvBCG-Ch,571,10,25-Feb-19,9.85E+14,106.4,41.3
Rm10,lvBCG,Ch,lvBCG-Ch,571,11,26-Feb-19,9.85E+14,106,41.1
Rm10,lvBCG,Ch,lvBCG-Ch,571,12,27-Feb-19,9.85E+14,105.4,40.8
Rm10,lvBCG,Ch,lvBCG-Ch,571,13,28-Feb-19,9.85E+14,105.2,40.7
Rm10,lvBCG,Ch,lvBCG-Ch,571,14,1-Mar-19,9.85E+14,105.2,40.7
Rm10,lvBCG,Ch,lvBCG-Ch,572,0,15-Feb-19,9.85E+14,103.2,39.5
Rm10,lvBCG,Ch,lvBCG-Ch,572,1,16-Feb-19,9.85E+14,104.4,40.2
Rm10,lvBCG,Ch,lvBCG-Ch,572,2,17-Feb-19,9.85E+14,103.9,39.95
Rm10,lvBCG,Ch,lvBCG-Ch,572,3,18-Feb-19,9.85E+14,104.4,40.2
Rm10,lvBCG,Ch,lvBCG-Ch,572,4,19-Feb-19,9.85E+14,105.6,40.9
Rm10,lvBCG,Ch,lvBCG-Ch,572,5,20-Feb-19,9.85E+14,104.6,40.3
Rm10,lvBCG,Ch,lvBCG-Ch,572,6,21-Feb-19,9.85E+14,105.2,40.7
Rm10,lvBCG,Ch,lvBCG-Ch,572,7,22-Feb-19,9.85E+14,105.2,40.7
Rm10,lvBCG,Ch,lvBCG-Ch,572,8,23-Feb-19,9.85E+14,105.6,40.9
Rm10,lvBCG,Ch,lvBCG-Ch,572,9,24-Feb-19,9.85E+14,107.2,41.8
Rm10,lvBCG,Ch,lvBCG-Ch,572,10,25-Feb-19,9.85E+14,106.2,41.2
Rm10,lvBCG,Ch,lvBCG-Ch,572,11,26-Feb-19,9.85E+14,105,40.5
Rm10,lvBCG,Ch,lvBCG-Ch,572,12,27-Feb-19,9.85E+14,105.6,40.9
Rm10,lvBCG,Ch,lvBCG-Ch,572,13,28-Feb-19,9.85E+14,105.4,40.8
Rm10,lvBCG,Ch,lvBCG-Ch,572,14,1-Mar-19,9.85E+14,105.2,40.7
Rm10,lvBCG,Ch,lvBCG-Ch,573,0,15-Feb-19,9.85E+14,103,39.4
Rm10,lvBCG,Ch,lvBCG-Ch,573,1,16-Feb-19,9.85E+14,102.8,39.3
Rm10,lvBCG,Ch,lvBCG-Ch,573,2,17-Feb-19,9.85E+14,102.8,39.3
Rm10,lvBCG,Ch,lvBCG-Ch,573,3,18-Feb-19,9.85E+14,103,39.4
Rm10,lvBCG,Ch,lvBCG-Ch,573,4,19-Feb-19,9.85E+14,105.8,41
Rm10,lvBCG,Ch,lvBCG-Ch,573,5,20-Feb-19,9.85E+14,103.8,39.9
Rm10,lvBCG,Ch,lvBCG-Ch,573,6,21-Feb-19,9.85E+14,103.4,39.7
Rm10,lvBCG,Ch,lvBCG-Ch,573,7,22-Feb-19,9.85E+14,104,40
Rm10,lvBCG,Ch,lvBCG-Ch,573,8,23-Feb-19,9.85E+14,104.4,40.2
Rm10,lvBCG,Ch,lvBCG-Ch,573,9,24-Feb-19,9.85E+14,104.2,40.1
Rm10,lvBCG,Ch,lvBCG-Ch,573,10,25-Feb-19,9.85E+14,104.2,40.1
Rm10,lvBCG,Ch,lvBCG-Ch,573,11,26-Feb-19,9.85E+14,105,40.5
Rm10,lvBCG,Ch,lvBCG-Ch,573,12,27-Feb-19,9.85E+14,105.6,40.9
Rm10,lvBCG,Ch,lvBCG-Ch,573,13,28-Feb-19,9.85E+14,105.4,40.8
Rm10,lvBCG,Ch,lvBCG-Ch,573,14,1-Mar-19,9.85E+14,104.4,40.2
Rm6,lvBCG,Crl,Mock,578,0,15-Feb-19,9.85E+14,104,40
Rm6,lvBCG,Crl,Mock,578,1,16-Feb-19,9.85E+14,104.2,40.1
Rm6,lvBCG,Crl,Mock,578,2,17-Feb-19,9.85E+14,103.6,39.8
Rm6,lvBCG,Crl,Mock,578,3,18-Feb-19,9.85E+14,103.8,39.9
Rm6,lvBCG,Crl,Mock,578,4,19-Feb-19,9.85E+14,103.8,39.9
Rm6,lvBCG,Crl,Mock,578,5,20-Feb-19,9.85E+14,104.4,40.2
Rm6,lvBCG,Crl,Mock,578,6,21-Feb-19,9.85E+14,104.4,40.2
Rm6,lvBCG,Crl,Mock,578,7,22-Feb-19,9.85E+14,104,40
Rm6,lvBCG,Crl,Mock,578,8,23-Feb-19,9.85E+14,104.4,40.2
Rm6,lvBCG,Crl,Mock,578,9,24-Feb-19,9.85E+14,103.6,39.8
Rm6,lvBCG,Crl,Mock,578,10,25-Feb-19,9.85E+14,105,40.5
Rm6,lvBCG,Crl,Mock,578,11,26-Feb-19,9.85E+14,104.4,40.2
Rm6,lvBCG,Crl,Mock,578,12,27-Feb-19,9.85E+14,104.2,40.1
Rm6,lvBCG,Crl,Mock,578,13,28-Feb-19,9.85E+14,104.4,40.2
Rm6,lvBCG,Crl,Mock,578,14,1-Mar-19,9.85E+14,104.2,40.1
Rm6,lvBCG,Crl,Mock,579,0,15-Feb-19,9.85E+14,102.8,39.3
Rm6,lvBCG,Crl,Mock,579,1,16-Feb-19,9.85E+14,103.8,39.9
Rm6,lvBCG,Crl,Mock,579,2,17-Feb-19,9.85E+14,103.6,39.8
Rm6,lvBCG,Crl,Mock,579,3,18-Feb-19,9.85E+14,103.8,39.9
Rm6,lvBCG,Crl,Mock,579,4,19-Feb-19,9.85E+14,103.4,39.7
Rm6,lvBCG,Crl,Mock,579,5,20-Feb-19,9.85E+14,103.8,39.9
Rm6,lvBCG,Crl,Mock,579,6,21-Feb-19,9.85E+14,103.8,39.9
Rm6,lvBCG,Crl,Mock,579,7,22-Feb-19,9.85E+14,104.2,40.1
Rm6,lvBCG,Crl,Mock,579,8,23-Feb-19,9.85E+14,104,40
Rm6,lvBCG,Crl,Mock,579,9,24-Feb-19,9.85E+14,104,40
Rm6,lvBCG,Crl,Mock,579,10,25-Feb-19,9.85E+14,104.6,40.3
Rm6,lvBCG,Crl,Mock,579,11,26-Feb-19,9.85E+14,104.2,40.1
Rm6,lvBCG,Crl,Mock,579,12,27-Feb-19,9.85E+14,104.2,40.1
Rm6,lvBCG,Crl,Mock,579,13,28-Feb-19,9.85E+14,104.4,40.2
Rm6,lvBCG,Crl,Mock,579,14,1-Mar-19,9.85E+14,103.8,39.9
Rm6,lvBCG,Crl,Mock,580,0,15-Feb-19,9.85E+14,103.2,39.5
Rm6,lvBCG,Crl,Mock,580,1,16-Feb-19,9.85E+14,103.6,39.8
Rm6,lvBCG,Crl,Mock,580,2,17-Feb-19,9.85E+14,103.8,39.9
Rm6,lvBCG,Crl,Mock,580,3,18-Feb-19,9.85E+14,103.8,39.9
Rm6,lvBCG,Crl,Mock,580,4,19-Feb-19,9.85E+14,103.6,39.8
Rm6,lvBCG,Crl,Mock,580,5,20-Feb-19,9.85E+14,104,40
Rm6,lvBCG,Crl,Mock,580,6,21-Feb-19,9.85E+14,104,40
Rm6,lvBCG,Crl,Mock,580,7,22-Feb-19,9.85E+14,103.6,39.8
Rm6,lvBCG,Crl,Mock,580,8,23-Feb-19,9.85E+14,104,40
Rm6,lvBCG,Crl,Mock,580,9,24-Feb-19,9.85E+14,104,40
Rm6,lvBCG,Crl,Mock,580,10,25-Feb-19,9.85E+14,104.2,40.1
Rm6,lvBCG,Crl,Mock,580,11,26-Feb-19,9.85E+14,103.8,39.9
Rm6,lvBCG,Crl,Mock,580,12,27-Feb-19,9.85E+14,103.8,39.9
Rm6,lvBCG,Crl,Mock,580,13,28-Feb-19,9.85E+14,104,40
Rm6,lvBCG,Crl,Mock,580,14,1-Mar-19,9.85E+14,103.4,39.7
Rm9,lvBCG,Ch,lvBCG-Ch,581,0,15-Feb-19,9.85E+14,103.8,39.9
Rm9,lvBCG,Ch,lvBCG-Ch,581,1,16-Feb-19,9.85E+14,103.4,39.7
Rm9,lvBCG,Ch,lvBCG-Ch,581,2,17-Feb-19,9.85E+14,103.2,39.5
Rm9,lvBCG,Ch,lvBCG-Ch,581,3,18-Feb-19,9.85E+14,103.4,39.7
Rm9,lvBCG,Ch,lvBCG-Ch,581,4,19-Feb-19,9.85E+14,103.4,39.7
Rm9,lvBCG,Ch,lvBCG-Ch,581,5,20-Feb-19,9.85E+14,103.4,39.7
Rm9,lvBCG,Ch,lvBCG-Ch,581,6,21-Feb-19,9.85E+14,104.2,40.1
Rm9,lvBCG,Ch,lvBCG-Ch,581,7,22-Feb-19,9.85E+14,104.2,40.1
Rm9,lvBCG,Ch,lvBCG-Ch,581,8,23-Feb-19,9.85E+14,104,40
Rm9,lvBCG,Ch,lvBCG-Ch,581,9,24-Feb-19,9.85E+14,104,40
Rm9,lvBCG,Ch,lvBCG-Ch,581,10,25-Feb-19,9.85E+14,104,40
Rm9,lvBCG,Ch,lvBCG-Ch,581,11,26-Feb-19,9.85E+14,104,40
Rm9,lvBCG,Ch,lvBCG-Ch,581,12,27-Feb-19,9.85E+14,104.6,40.3
Rm9,lvBCG,Ch,lvBCG-Ch,581,13,28-Feb-19,9.85E+14,104.2,40.1
Rm9,lvBCG,Ch,lvBCG-Ch,581,14,1-Mar-19,9.85E+14,103.8,39.9
Rm8,lvBCG,Ch,lvBCG-Ch,582,0,15-Feb-19,9.85E+14,103.2,39.5
Rm8,lvBCG,Ch,lvBCG-Ch,582,1,16-Feb-19,9.85E+14,103.2,39.5
Rm8,lvBCG,Ch,lvBCG-Ch,582,2,17-Feb-19,9.85E+14,105.8,41
Rm8,lvBCG,Ch,lvBCG-Ch,582,3,18-Feb-19,9.85E+14,103.6,39.8
Rm8,lvBCG,Ch,lvBCG-Ch,582,4,19-Feb-19,9.85E+14,104.6,40.3
Rm8,lvBCG,Ch,lvBCG-Ch,582,5,20-Feb-19,9.85E+14,105.4,40.8
Rm8,lvBCG,Ch,lvBCG-Ch,582,6,21-Feb-19,9.85E+14,104.4,40.2
Rm8,lvBCG,Ch,lvBCG-Ch,582,7,22-Feb-19,9.85E+14,104.6,40.3
Rm8,lvBCG,Ch,lvBCG-Ch,582,8,23-Feb-19,9.85E+14,104.6,40.3
Rm8,lvBCG,Ch,lvBCG-Ch,582,9,24-Feb-19,9.85E+14,105,40.5
Rm8,lvBCG,Ch,lvBCG-Ch,582,10,25-Feb-19,9.85E+14,104.2,40.1
Rm8,lvBCG,Ch,lvBCG-Ch,582,11,26-Feb-19,9.85E+14,105.4,40.8
Rm8,lvBCG,Ch,lvBCG-Ch,582,12,27-Feb-19,9.85E+14,104.6,40.3
Rm8,lvBCG,Ch,lvBCG-Ch,582,13,28-Feb-19,9.85E+14,104.6,40.3
Rm8,lvBCG,Ch,lvBCG-Ch,582,14,1-Mar-19,9.85E+14,104.2,40.1
Rm11,noBCG,PRRSVsed,PRRSVsed,600,0,14-Feb-19,9.85E+14,103,39.4
Rm10,noBCG,PRRSVsed,PRRSVsed,600,1,16-Feb-19,9.85E+14,103.4,39.7
Rm10,noBCG,PRRSVsed,PRRSVsed,600,2,17-Feb-19,9.85E+14,103.2,39.5
Rm10,noBCG,PRRSVsed,PRRSVsed,600,3,18-Feb-19,9.85E+14,103.8,39.9
Rm11,noBCG,PRRSVsed,PRRSVsed,600,4,19-Feb-19,9.85E+14,106.4,41.3
Rm10,noBCG,PRRSVsed,PRRSVsed,600,5,19-Feb-19,9.85E+14,104.6,40.3
Rm11,noBCG,PRRSVsed,PRRSVsed,600,6,20-Feb-19,9.85E+14,104.8,40.4
Rm11,noBCG,PRRSVsed,PRRSVsed,600,7,21-Feb-19,9.85E+14,104.6,40.3
Rm11,noBCG,PRRSVsed,PRRSVsed,600,9,23-Feb-19,9.85E+14,105.4,40.8
Rm11,noBCG,PRRSVsed,PRRSVsed,600,10,24-Feb-19,9.85E+14,104,40
Rm11,noBCG,PRRSVsed,PRRSVsed,600,11,25-Feb-19,9.85E+14,103.8,39.9
Rm11,noBCG,PRRSVsed,PRRSVsed,600,12,26-Feb-19,9.85E+14,105.6,40.9
Rm11,noBCG,PRRSVsed,PRRSVsed,600,13,27-Feb-19,9.85E+14,104.8,40.4
Rm11,noBCG,PRRSVsed,PRRSVsed,600,14,28-Feb-19,9.85E+14,105,40.5
Rm11,noBCG,PRRSVsed,PRRSVsed,600,15,1-Mar-19,9.85E+14,106,41.1