Pig,date,BCGTrt,PRRSV,Trt,dpc,CD3p,gdTCRp,gdTCRn,CD4nCD8ap,CD4pCD8ap,CD4pCD8an,NKCells,CD21p,CD172p,Monocytes,FlowID
502,14-Feb,noBCG,PRRSVsed,PRRSVsed,0,41,12.6,28.4,5.02,2.83,18.8,10.9,22.1,15.7,3.64,Specimen_001 502_D1_D01_010.fcs
503,14-Feb,noBCG,PRRSVsed,PRRSVsed,0,25.5,8.27,17.1,3.76,0.91,7.36,7.27,12.9,33.9,2.08,Specimen_002 503_D2_D02_011.fcs
504,14-Feb,noBCG,PRRSVsed,PRRSVsed,0,31.9,10.6,21.2,4.14,0.97,14.9,2.03,9.99,36.4,2.67,Specimen_003 504_D3_D03_012.fcs
505,14-Feb,noBCG,PRRSVsed,PRRSVsed,0,27.1,10.9,16.2,3.03,0.76,11,3.93,14.2,19,1.32,Specimen_004 505_D4_D04_013.fcs
509,14-Feb,noBCG,MockSed,Mock,0,23.1,8.07,15,2.96,1.8,8.94,2.78,21.2,43.1,6.29,Specimen_005 509_D5_D05_014.fcs
512,14-Feb,noBCG,PRRSVsed,PRRSVsed,0,30.6,11.3,19.2,2.71,1.92,13.5,8.5,21.4,24.9,4.74,Specimen_006 512_D6_D06_015.fcs
513,14-Feb,noBCG,PRRSVsed,PRRSVsed,0,39.4,12.2,27.1,6.36,2.15,12.8,2.99,14.7,32.5,4.84,Specimen_007 513_D7_D07_016.fcs
514,14-Feb,noBCG,PRRSVsed,PRRSVsed,0,39.1,14.1,25,4.86,1.63,17.2,2.63,14.7,21.6,1.09,Specimen_008 514_D8_D08_017.fcs
515,14-Feb,noBCG,PRRSVsed,PRRSVsed,0,17.2,8.46,8.68,1.73,0.98,5.08,15.7,13.6,17.7,1.65,Specimen_009 515_D9_D09_018.fcs
522,14-Feb,noBCG,PRRSVsed,PRRSVsed,0,38.5,18.4,20,2.51,2.71,13.3,6.9,18.5,19.4,2.6,Specimen_010 522_D10_D10_019.fcs
523,14-Feb,noBCG,PRRSVsed,PRRSVsed,0,44.1,10.9,33.1,4.31,7.65,20.7,3.63,9.48,32.2,3.39,Specimen_011 523_D11_D11_020.fcs
524,14-Feb,noBCG,PRRSVsed,PRRSVsed,0,31.1,11.2,19.8,3.68,2.69,12.1,5.38,8.55,51.9,12.2,Specimen_012 524_D12_D12_021.fcs
525,14-Feb,noBCG,MockSed,Mock,0,33.9,13.3,20.6,6.66,1.99,10.4,27.3,12.3,6.01,0.91,Specimen_013 525_E1_E01_022.fcs
552,14-Feb,inBCG,MockSed,Mock,0,31.1,9.48,21.6,4.09,1.23,14.1,10.9,11,19.5,1.72,Specimen_014 552_E2_E02_023.fcs
600,14-Feb,noBCG,PRRSVsed,PRRSVsed,0,28.2,7.93,20.2,4.9,2.41,11.9,6.79,16.2,37.2,3.95,Specimen_015 600_E3_E03_024.fcs
496,15-Feb,noBCG,Ch,noBCG-Ch,0,32,14.4,17.6,2.77,1.25,11.5,2.27,14.7,36.9,4.22,Specimen_001 496_A1_A01_001.fcs
498,15-Feb,noBCG,Ch,noBCG-Ch,0,29.8,7.86,21.9,3.29,3.21,13.7,3.72,9.18,48.4,7.17,Specimen_002 498_A2_A02_002.fcs
499,15-Feb,noBCG,Ch,noBCG-Ch,0,21.7,6.98,14.7,3.11,2.27,8,5.74,6.89,48.9,5.74,Specimen_003 499_A3_A03_003.fcs
500,15-Feb,noBCG,Ch,noBCG-Ch,0,18.2,5.27,12.9,2.17,1.77,7.99,3.79,4.68,67.2,4.99,Specimen_004 500_A4_A04_004.fcs
501,15-Feb,noBCG,Ch,noBCG-Ch,0,36.7,11.6,25,4.27,2.56,16.3,5.88,8.39,40.2,3.48,Specimen_005 501_A5_A05_005.fcs
502,15-Feb,noBCG,PRRSVsed,PRRSVsed,1,13.9,5.85,8.01,1.49,1.12,4.13,2.26,6.77,62.4,10.6,Specimen_006 502_A6_A06_006.fcs
503,15-Feb,noBCG,PRRSVsed,PRRSVsed,1,3.18,0.76,2.41,0.44,0.43,1.09,0.44,0.81,93.9,3.49,Specimen_007 503_A7_A07_007.fcs
504,15-Feb,noBCG,PRRSVsed,PRRSVsed,1,31.9,12.1,19.8,3.53,1.39,12.3,1.69,6.31,44.8,5.29,Specimen_008 504_A8_A08_008.fcs
505,15-Feb,noBCG,PRRSVsed,PRRSVsed,1,7.54,2.28,5.24,0.92,0.27,1.72,1.01,2.62,80.6,2.54,Specimen_009 505_A9_A09_009.fcs
506,15-Feb,noBCG,Ch,noBCG-Ch,0,36.4,14.3,22.1,2.7,2.47,15.6,6.23,9.05,35.3,2.52,Specimen_010 506_A10_A10_010.fcs
507,15-Feb,noBCG,Ch,noBCG-Ch,0,28.6,6.84,21.7,3.32,1.81,14.4,1.24,6.06,54.1,3.52,Specimen_011 507_A11_A11_011.fcs
508,15-Feb,noBCG,Challenged,noBCG-Ch,0,34.8,8.54,26.2,5.13,2.44,15.8,4.73,11.7,41.8,4.57,Specimen_012 508_A12_A12_012.fcs
509,15-Feb,noBCG,MockSed,Mock,1,25.8,7.62,18.2,3.71,2.61,9.61,2.76,16.9,43.8,4.38,Specimen_013 509_B1_B01_013.fcs
510,15-Feb,noBCG,Ch,noBCG-Ch,0,24.8,8.09,16.7,2.72,1.35,11.3,3.9,5.24,62,5.28,Specimen_014 510_B2_B02_014.fcs
511,15-Feb,noBCG,Ch,noBCG-Ch,0,30.8,10.6,20.2,3.53,1.62,13.6,4.94,6.56,47.4,5.3,Specimen_015 511_B3_B03_015.fcs
512,15-Feb,noBCG,PRRSVsed,PRRSVsed,1,7,3.64,3.34,0.78,0.32,1.37,1.67,4.53,80.9,5,Specimen_016 512_B4_B04_016.fcs
513,15-Feb,noBCG,PRRSVsed,PRRSVsed,1,24.8,8.07,16.6,3.05,2.58,9.57,0.82,6.18,60.3,10.1,Specimen_017 513_B5_B05_017.fcs
514,15-Feb,noBCG,PRRSVsed,PRRSVsed,1,8.3,3.65,4.63,0.97,0.45,2.32,0.71,2.91,79.9,4.13,Specimen_018 514_B6_B06_018.fcs
515,15-Feb,noBCG,PRRSVsed,PRRSVsed,1,19,7.43,11.6,2.03,1.31,5.99,1.91,7.6,47.2,23.8,Specimen_019 515_B7_B07_019.fcs
516,15-Feb,noBCG,Ch,noBCG-Ch,0,27.3,13.3,14,2.09,1.57,9.08,4.11,6.96,54,4.79,Specimen_020 516_B8_B08_020.fcs
517,15-Feb,noBCG,Ch,noBCG-Ch,0,19.1,6.09,13,1.72,1.16,8.18,3.59,2.59,65,6.83,Specimen_021 517_B9_B09_021.fcs
518,15-Feb,noBCG,Ch,noBCG-Ch,0,32.4,8.27,24.1,4.08,2.13,16.1,8.5,8.78,45.8,3.94,Specimen_022 518_B10_B10_022.fcs
519,15-Feb,noBCG,Crl,Mock,1,29.8,8.68,21.1,5.16,2.68,10.2,8.2,12.4,40.3,5.69,Specimen_023 519_B11_B11_023.fcs
520,15-Feb,noBCG,Crl,Mock,1,17.3,6.62,10.7,2.78,1.1,5.47,5.48,6.6,64.7,3.34,Specimen_024 520_B12_B12_024.fcs
521,15-Feb,noBCG,Crl,Mock,1,35.7,12.2,23.5,4.39,1.74,15.4,6.51,10.2,37,3.21,Specimen_025 521_C1_C01_025.fcs
522,15-Feb,noBCG,PRRSVsed,PRRSVsed,1,30.1,16.4,13.7,2.04,1.49,8.04,1.54,6.53,49.4,13.2,Specimen_026 522_C2_C02_026.fcs
523,15-Feb,noBCG,PRRSVsed,PRRSVsed,1,18.3,3.49,14.7,3.23,1.84,8.81,1.46,1.57,67.1,4.48,Specimen_027 523_C3_C03_027.fcs
524,15-Feb,noBCG,PRRSVsed,PRRSVsed,1,11.4,5.8,5.61,1.06,0.77,3,1.58,2.9,73.4,11.4,Specimen_028 524_C4_C04_028.fcs
525,15-Feb,noBCG,MockSed,Mock,1,31.5,10.8,20.7,5.53,1.47,11.7,22.9,9.71,22.4,2.36,Specimen_029 525_C5_C05_029.fcs
527,15-Feb,inBCG,Ch,inBCG-Ch,0,26.8,8.67,18,2.72,2.24,11.2,6.3,15.7,40.9,3.51,Specimen_030 527_C6_C06_030.fcs
528,15-Feb,inBCG,Ch,inBCG-Ch,0,21,3.08,17.9,3.45,1.39,12.1,5,4.1,62.7,7.31,Specimen_031 528_C7_C07_031.fcs
529,15-Feb,inBCG,Ch,inBCG-Ch,0,17.4,2.66,14.7,2.11,1.44,9.71,6.21,5.3,68.3,6.49,Specimen_032 529_C8_C08_032.fcs
530,15-Feb,inBCG,Ch,inBCG-Ch,0,3.3,1.17,2.12,0.4,0.31,0.72,1.66,2.89,87.8,6.17,Specimen_033 530_C9_C09_033.fcs
531,15-Feb,inBCG,Ch,inBCG-Ch,0,11.6,2.09,9.47,1.82,1.8,4.69,13.6,4.83,65.3,6.46,Specimen_034 531_C10_C10_034.fcs
532,15-Feb,inBCG,Ch,inBCG-Ch,0,21.4,5.26,16.2,2.44,1.49,10.2,10,11.2,45.3,3.55,Specimen_035 532_C11_C11_035.fcs
537,15-Feb,inBCG,Ch,inBCG-Ch,0,24.3,5.99,18.3,2.42,3.08,11.8,7.85,11.1,46.5,5.51,Specimen_036 537_C12_C12_036.fcs
539,15-Feb,inBCG,Ch,inBCG-Ch,0,29.4,6.72,22.6,5.58,1.89,13.7,3.34,5.03,52.4,4.16,Specimen_037 539_D1_D01_037.fcs
540,15-Feb,inBCG,Ch,inBCG-Ch,0,23.5,8.17,15.3,2.61,1.96,8.75,4.22,13.1,50.5,3.84,Specimen_038 540_D2_D02_038.fcs
541,15-Feb,inBCG,Ch,inBCG-Ch,0,35.2,10.3,24.9,4.58,1.97,16.6,6.25,9.06,39.7,3.1,Specimen_039 541_D3_D03_039.fcs
542,15-Feb,inBCG,Ch,inBCG-Ch,0,19.5,5.71,13.8,3.54,1.87,6.95,3.44,4.47,62,5.73,Specimen_040 542_D4_D04_040.fcs
547,15-Feb,inBCG,Ch,inBCG-Ch,0,18.2,6.99,11.2,2.35,1.15,6.18,1.51,9.57,64.5,6.51,Specimen_041 547_D5_D05_041.fcs
548,15-Feb,inBCG,Ch,inBCG-Ch,0,38,10.9,27.1,5.09,2.28,16.3,5.8,10.6,38.6,4.66,Specimen_042 548_D6_D06_042.fcs
549,15-Feb,inBCG,Crl,Mock,1,13.8,2.95,10.9,1.68,1,7.1,1.97,3.61,77.1,13.1,Specimen_043 549_D7_D07_043.fcs
550,15-Feb,inBCG,Crl,Mock,1,22.1,7.9,14.1,2.51,1.24,8.73,2.6,7.76,62.3,6.31,Specimen_044 550_D8_D08_044.fcs
551,15-Feb,inBCG,Crl,Mock,1,39.5,10.5,28.9,3.49,1.76,21.2,1.69,12.8,37,2.91,Specimen_045 551_D9_D09_045.fcs
552,15-Feb,inBCG,MockSed,Mock,1,24.1,6.39,17.7,3.19,1.11,11.2,16.2,6.49,46,6.78,Specimen_046 552_D10_D10_046.fcs
558,15-Feb,lvBCG,Ch,lvBCG-Ch,0,19.8,7.11,12.6,2.46,2.11,6.67,3.19,8.21,52.9,5.95,Specimen_047 558_D11_D11_047.fcs
559,15-Feb,lvBCG,Ch,lvBCG-Ch,0,20.7,5.93,14.7,2.41,1.6,9.28,3.44,8.58,63.1,5.09,Specimen_048 559_D12_D12_048.fcs
560,15-Feb,lvBCG,Ch,lvBCG-Ch,0,18.4,5.13,13.3,2.79,1.64,7.9,5.95,2.02,66,6.62,Specimen_049 560_E1_E01_049.fcs
561,15-Feb,lvBCG,Ch,lvBCG-Ch,0,28.3,11.6,16.7,4.63,2.59,7.32,2.94,20.4,35.8,2.91,Specimen_050 561_E2_E02_050.fcs
562,15-Feb,lvBCG,Ch,lvBCG-Ch,0,26.2,7.03,19.1,3.67,1.15,12.6,5.82,8.72,42.4,2.48,Specimen_051 562_E3_E03_051.fcs
563,15-Feb,lvBCG,Ch,lvBCG-Ch,0,18,4.06,13.9,2.22,1.91,8.15,3.65,12.2,60.1,10.5,Specimen_052 563_E4_E04_052.fcs
568,15-Feb,lvBCG,Ch,lvBCG-Ch,0,30.6,9.11,21.4,5.57,2.55,11,14.8,9.41,33.4,4.46,Specimen_053 568_E5_E05_053.fcs
569,15-Feb,lvBCG,Ch,lvBCG-Ch,0,28.3,6.33,22,4.19,2.7,13.3,16.2,8.61,38.2,4.95,Specimen_054 569_E6_E06_054.fcs
570,15-Feb,lvBCG,Ch,lvBCG-Ch,0,41.8,8.93,32.8,6.82,1.66,21.7,1.81,3.16,46.3,3.99,Specimen_055 570_E7_E07_055.fcs
571,15-Feb,lvBCG,Ch,lvBCG-Ch,0,32.2,13.8,18.4,3.29,2.01,10.6,3.18,7.49,50.3,2.51,Specimen_056 571_E8_E08_056.fcs
572,15-Feb,lvBCG,Ch,lvBCG-Ch,0,43.3,10,33.1,5.31,2.3,23.1,8.14,8.81,28.4,3.66,Specimen_057 572_E9_E09_057.fcs
573,15-Feb,lvBCG,Ch,lvBCG-Ch,0,24.2,6.2,17.9,4.36,1.95,9.88,6.58,10,54.9,4.12,Specimen_058 573_E10_E10_058.fcs
578,15-Feb,lvBCG,Crl,Mock,1,21.6,6.77,14.8,2.67,1.27,9.59,3.47,6.7,57.4,7.49,Specimen_059 578_E11_E11_059.fcs
579,15-Feb,lvBCG,Crl,Mock,1,27.3,5.26,22,4.13,1.26,13.7,7.76,9.55,49,6.94,Specimen_060 579_E12_E12_060.fcs
580,15-Feb,lvBCG,Crl,Mock,1,34,18.9,15,2.7,1.74,8.65,5,9.72,41.7,4.92,Specimen_061 580_F1_F01_061.fcs
581,15-Feb,lvBCG,Ch,lvBCG-Ch,0,30.4,7.58,22.8,3.4,1.52,16.2,6.26,6.19,47.9,4.85,Specimen_062 581_F2_F02_062.fcs
582,15-Feb,lvBCG,Ch,lvBCG-Ch,0,27.2,10.1,16.9,3.25,1.09,9.47,6.43,10.3,44.1,3.53,Specimen_063 582_F3_F03_063.fcs
600,15-Feb,noBCG,PRRSVsed,PRRSVsed,1,12.2,4.46,7.68,1.48,0.86,3.59,1.85,7.95,71.9,7.06,Specimen_064 600_F4_F04_064.fcs
496,16-Feb,noBCG,Ch,noBCG-Ch,1,25.2,13.5,11.7,1.9,1.05,7.54,4.87,17,28.9,3.42,Specimen_001 496_A1_A01_001.fcs
498,16-Feb,noBCG,Ch,noBCG-Ch,1,23.2,7.6,15.6,0.98,3.53,10.7,5.6,10.1,54.7,14.8,Specimen_002 498_A2_A02_002.fcs
499,16-Feb,noBCG,Ch,noBCG-Ch,1,18,6.25,11.7,2.26,2.43,6.35,6.36,9,56.9,10.5,Specimen_003 499_A3_A03_003.fcs
500,16-Feb,noBCG,Ch,noBCG-Ch,1,16.3,4.99,11.3,1.59,1.88,7.15,3.16,6.91,68.5,7.89,Specimen_004 500_A4_A04_004.fcs
501,16-Feb,noBCG,Ch,noBCG-Ch,1,26.2,9.55,16.6,2.69,2.46,9.8,5.14,8.06,52.9,11.7,Specimen_005 501_A5_A05_005.fcs
502,16-Feb,noBCG,PRRSVsed,PRRSVsed,2,34.2,9.5,24.6,4,3.16,16.2,2.68,11.6,36,4.28,Specimen_006 502_A6_A06_006.fcs
503,16-Feb,noBCG,PRRSVsed,PRRSVsed,2,16.8,4.97,11.8,2.63,0.55,3.27,1.36,4.91,69.8,4.88,Specimen_007 503_A7_A07_007.fcs
504,16-Feb,noBCG,PRRSVsed,PRRSVsed,2,24.1,6.96,17.1,2.54,1.16,12.2,1.65,4.86,58.7,6.89,Specimen_008 504_A8_A08_008.fcs
505,16-Feb,noBCG,PRRSVsed,PRRSVsed,2,16.4,4.57,11.8,1.74,0.81,8.31,4.86,6.86,59.1,3.24,Specimen_009 505_A9_A09_009.fcs
506,16-Feb,noBCG,Ch,noBCG-Ch,1,36.2,12.6,23.6,2.03,3.01,17.9,2.68,10,39.6,6.44,Specimen_010 506_A10_A10_010.fcs
507,16-Feb,noBCG,Ch,noBCG-Ch,1,27.2,5.89,21.3,2.92,2.69,14.8,2.14,7.51,55.2,7.02,Specimen_011 507_A11_A11_011.fcs
508,16-Feb,noBCG,Challenged,noBCG-Ch,1,26.6,7.17,19.4,3.27,2.37,12.2,5.46,13.1,46.1,9.23,Specimen_012 508_A12_A12_012.fcs
509,16-Feb,noBCG,MockSed,Mock,2,19.8,5.39,14.4,2.73,2.47,7.73,1.98,17.4,53.3,9.6,Specimen_013 509_B1_B01_013.fcs
510,16-Feb,noBCG,Ch,noBCG-Ch,1,21.1,7.03,14,1.73,1.43,10,2.44,7.24,65,7.79,Specimen_014 510_B2_B02_014.fcs
511,16-Feb,noBCG,Ch,noBCG-Ch,1,27.1,9.34,17.7,3.62,2.21,9.73,5.31,9.58,50.7,7.76,Specimen_015 511_B3_B03_015.fcs
512,16-Feb,noBCG,PRRSVsed,PRRSVsed,2,23.6,7.56,16,2.09,1.49,11.1,0.96,11.7,55.9,6.18,Specimen_016 512_B4_B04_016.fcs
513,16-Feb,noBCG,PRRSVsed,PRRSVsed,2,27.7,8.76,18.8,4.05,1.76,7.38,1.53,7.99,55.8,7.09,Specimen_017 513_B5_B05_017.fcs
514,16-Feb,noBCG,PRRSVsed,PRRSVsed,2,17.9,6.18,11.6,2.46,0.82,7.45,0.53,3.79,12.5,4.77,Specimen_018 514_B6_B06_018.fcs
515,16-Feb,noBCG,PRRSVsed,PRRSVsed,2,16.7,5.47,11.2,1.51,1.34,7.09,3.15,8.65,54.7,4.81,Specimen_019 515_B7_B07_019.fcs
516,16-Feb,noBCG,Ch,noBCG-Ch,1,27,11.6,15.4,2.61,2.01,9.6,7.04,9.79,47.6,6.05,Specimen_020 516_B8_B08_020.fcs
517,16-Feb,noBCG,Ch,noBCG-Ch,1,18.8,5.87,12.8,0.12,2.98,9.72,10.8,2.94,59.5,9.05,Specimen_021 517_B9_B09_021.fcs
518,16-Feb,noBCG,Ch,noBCG-Ch,1,29.1,8,21,3.3,1.89,14.7,16,9.77,39.7,6.13,Specimen_022 518_B10_B10_022.fcs
519,16-Feb,noBCG,Crl,Mock,2,21.8,7.13,14.6,2.08,3.75,8.16,6.38,14.1,45.5,9.3,Specimen_023 519_B11_B11_023.fcs
520,16-Feb,noBCG,Crl,Mock,2,16.4,6.25,10.1,2.48,1.31,5.4,6.17,8.68,62.9,5.41,Specimen_024 520_B12_B12_024.fcs
521,16-Feb,noBCG,Crl,Mock,2,25.7,10.1,15.6,2.14,1.73,10.3,2.63,11.1,52.8,9.04,Specimen_025 521_C1_C01_025.fcs
522,16-Feb,noBCG,PRRSVsed,PRRSVsed,2,19.4,8.94,10.4,1.08,1.31,7.32,1.3,5.42,53.2,7.81,Specimen_026 522_C2_C02_026.fcs
523,16-Feb,noBCG,PRRSVsed,PRRSVsed,2,21.2,3.96,17.2,3.05,2.85,11,2.01,2.93,66.9,5.02,Specimen_027 523_C3_C03_027.fcs
524,16-Feb,noBCG,PRRSVsed,PRRSVsed,2,23.3,10,13.2,2.15,1.96,8.09,1.17,4.94,52.1,5.89,Specimen_028 524_C4_C04_028.fcs
525,16-Feb,noBCG,MockSed,Mock,2,27.2,12,15.2,3.75,1.33,9.22,12.6,9.16,35.1,4.59,Specimen_029 525_C5_C05_029.fcs
527,16-Feb,inBCG,Ch,inBCG-Ch,1,22.8,9.71,13,1.89,2.35,7.52,3.83,14,48.1,5.72,Specimen_030 527_C6_C06_030.fcs
528,16-Feb,inBCG,Ch,inBCG-Ch,1,17.8,3.2,14.5,2.65,1.97,9.46,8.25,5.9,60.6,7.03,Specimen_031 528_C7_C07_031.fcs
529,16-Feb,inBCG,Ch,inBCG-Ch,1,22,4.74,17.3,0.78,4.33,11.9,9.04,9.07,51.4,7.37,Specimen_032 529_C8_C08_032.fcs
530,16-Feb,inBCG,Ch,inBCG-Ch,1,11.5,4.43,7.03,1.55,1.24,3.71,2.06,5.88,75.3,12.1,Specimen_033 530_C9_C09_033.fcs
531,16-Feb,inBCG,Ch,inBCG-Ch,1,26,9.57,16.4,2.71,1.62,10.8,8.01,12.6,48.2,5.32,Specimen_034 531_C10_C10_034.fcs
532,16-Feb,inBCG,Ch,inBCG-Ch,1,28.4,9.12,19.3,2.54,0.68,8.65,1.5,7.43,55.5,10.8,Specimen_035 532_C11_C11_035.fcs
537,16-Feb,inBCG,Ch,inBCG-Ch,1,20.2,11.6,8.61,1.49,1.28,4.81,2.23,7.94,62.7,9.23,Specimen_036 537_C12_C12_036.fcs
539,16-Feb,inBCG,Ch,inBCG-Ch,1,20.5,4.46,16.1,2.59,1.09,10.3,4.44,9.72,61.2,9.95,Specimen_037 539_D1_D01_037.fcs
540,16-Feb,inBCG,Ch,inBCG-Ch,1,20.6,6.82,13.8,2.1,1.77,9.08,5.3,7.15,53.3,11.5,Specimen_038 540_D2_D02_038.fcs
541,16-Feb,inBCG,Ch,inBCG-Ch,1,16.3,4.54,11.8,2.66,1.66,6.68,5.24,8.46,67.2,7.02,Specimen_039 541_D3_D03_039.fcs
542,16-Feb,inBCG,Ch,inBCG-Ch,1,21.1,4.94,16.1,2.1,1.12,11.7,2,6.99,64.7,9.81,Specimen_040 542_D4_D04_040.fcs
547,16-Feb,inBCG,Ch,inBCG-Ch,1,21.2,8.78,12.4,2.34,1.41,7.26,4.37,8.55,58.4,9.03,Specimen_041 547_D5_D05_041.fcs
548,16-Feb,inBCG,Ch,inBCG-Ch,1,27.6,7.36,20.3,3.95,1.66,14,6.39,4.9,56.1,8.7,Specimen_042 548_D6_D06_042.fcs
549,16-Feb,inBCG,Crl,Mock,2,20.6,5.46,15.2,2.41,2.67,9.33,12.9,9.16,48.7,9.3,Specimen_043 549_D7_D07_043.fcs
550,16-Feb,inBCG,Crl,Mock,2,21.8,6.53,15.2,3.33,2.43,8.09,3.25,9.67,58.9,8.33,Specimen_044 550_D8_D08_044.fcs
551,16-Feb,inBCG,Crl,Mock,2,14.7,3.46,11.3,1.8,2.6,5.84,3.81,13.5,64.7,9.91,Specimen_045 551_D9_D09_045.fcs
552,16-Feb,inBCG,MockSed,Mock,2,13.9,4.41,9.45,1.37,0.81,6.47,4.41,6.58,67.5,8.07,Specimen_046 552_D10_D10_046.fcs
558,16-Feb,lvBCG,Ch,lvBCG-Ch,1,27.3,11.3,16,4.24,3.01,7.1,3.4,23.4,34.4,4.32,Specimen_047 558_D11_D11_047.fcs
559,16-Feb,lvBCG,Ch,lvBCG-Ch,1,19,4.33,14.6,1.54,4.04,8.82,9.1,3.53,58.5,9.11,Specimen_048 559_D12_D12_048.fcs
560,16-Feb,lvBCG,Ch,lvBCG-Ch,1,18.4,5.51,12.8,1.95,1.7,8.12,1.89,8.93,63.6,8.59,Specimen_049 560_E1_E01_049.fcs
561,16-Feb,lvBCG,Ch,lvBCG-Ch,1,16.2,5,11.2,1.42,3.04,6.13,3.6,9.61,63.9,10.9,Specimen_050 561_E2_E02_050.fcs
562,16-Feb,lvBCG,Ch,lvBCG-Ch,1,17.4,5.45,12,2.04,1.09,7.73,9.03,7.51,61.8,10,Specimen_051 562_E3_E03_051.fcs
563,16-Feb,lvBCG,Ch,lvBCG-Ch,1,37.4,8.9,28.5,3.36,2.49,20.9,2.14,15.9,37.4,6.36,Specimen_052 563_E4_E04_052.fcs
568,16-Feb,lvBCG,Ch,lvBCG-Ch,1,17,6.75,10.2,1.65,1.14,6.22,2.33,9.55,65.7,12.1,Specimen_053 568_E5_E05_053.fcs
569,16-Feb,lvBCG,Ch,lvBCG-Ch,1,16.3,3.35,12.9,1.66,1.91,8.95,3.69,4.96,68.6,15.7,Specimen_054 569_E6_E06_054.fcs
570,16-Feb,lvBCG,Ch,lvBCG-Ch,1,28.8,8.41,20.4,3.84,1.84,11.5,4.18,9.66,49.3,9.68,Specimen_055 570_E7_E07_055.fcs
571,16-Feb,lvBCG,Ch,lvBCG-Ch,1,17.4,6.63,10.8,2.1,1.59,5.76,1.46,11.4,64.3,11.4,Specimen_056 571_E8_E08_056.fcs
572,16-Feb,lvBCG,Ch,lvBCG-Ch,1,13.7,3.74,9.92,2.08,1.75,5.52,6.16,4.9,70.1,9.01,Specimen_057 572_E9_E09_057.fcs
573,16-Feb,lvBCG,Ch,lvBCG-Ch,1,26.5,9.08,17.4,3.12,2.01,11.2,5.06,10.4,47,7.49,Specimen_058 573_E10_E10_058.fcs
578,16-Feb,lvBCG,Crl,Mock,2,8.45,2.75,5.69,0.8,1.04,3.2,1.99,6,79.7,7.34,Specimen_059 578_E11_E11_059.fcs
579,16-Feb,lvBCG,Crl,Mock,2,26.1,6.82,19.2,3.82,2.31,12.2,2.32,6.92,55.9,9.48,Specimen_060 579_E12_E12_060.fcs
580,16-Feb,lvBCG,Crl,Mock,2,23.8,5.79,18,1.11,4.48,12,9.07,15,43.9,9.18,Specimen_061 580_F1_F01_061.fcs
581,16-Feb,lvBCG,Ch,lvBCG-Ch,1,22.5,6.37,16.1,1.92,2.45,10.8,9.82,11.9,45,8.29,Specimen_062 581_F2_F02_062.fcs
582,16-Feb,lvBCG,Ch,lvBCG-Ch,1,9.35,1.65,7.69,1.4,1.89,3.81,9.36,5.53,71.9,11.4,Specimen_063 582_F3_F03_063.fcs
600,16-Feb,noBCG,PRRSVsed,PRRSVsed,2,19.2,5.68,13.6,2.43,1.37,8.45,1.22,7.47,61.1,4.38,Specimen_064 600_F4_F04_064.fcs
496,17-Feb,noBCG,Ch,noBCG-Ch,2,19.2,8.73,10.5,1.7,1.33,6.36,3.08,12,54.8,6.65,Specimen_001 496_A1_A01_001.fcs
498,17-Feb,noBCG,Ch,noBCG-Ch,2,22,4.49,17.5,2.37,2.5,11.8,0.82,4.39,55.9,11,Specimen_002 498_A2_A02_002.fcs
499,17-Feb,noBCG,Ch,noBCG-Ch,2,17.4,5.23,12.2,2.69,2.44,6.13,6.17,8.62,51.9,9.32,Specimen_003 499_A3_A03_003.fcs
500,17-Feb,noBCG,Ch,noBCG-Ch,2,12.7,3.61,9.09,1.44,1.6,5.5,1.63,4.29,77.6,7.16,Specimen_004 500_A4_A04_004.fcs
501,17-Feb,noBCG,Ch,noBCG-Ch,2,22.6,6.72,15.9,2.73,2.28,9.56,7.83,8.11,55.7,9.39,Specimen_005 501_A5_A05_005.fcs
502,17-Feb,noBCG,PRRSVsed,PRRSVsed,3,30.5,6.86,23.7,3.68,3.32,15.3,1.73,7.3,50.2,10.3,Specimen_006 502_A6_A06_006.fcs
503,17-Feb,noBCG,PRRSVsed,PRRSVsed,3,9.71,2.93,6.78,1.14,1.21,3.87,0.58,1.94,81.8,4.64,Specimen_007 503_A7_A07_007.fcs
504,17-Feb,noBCG,PRRSVsed,PRRSVsed,3,16.9,4.27,12.6,1.77,1.11,8.87,1.37,3.1,68.3,7.3,Specimen_008 504_A8_A08_008.fcs
505,17-Feb,noBCG,PRRSVsed,PRRSVsed,3,14,3.62,10.4,1.56,0.89,7.05,2.82,3.38,67.7,5.2,Specimen_009 505_A9_A09_009.fcs
506,17-Feb,noBCG,Ch,noBCG-Ch,2,24.7,7.77,17,2.03,2.05,12,4.71,7.24,58,8.77,Specimen_010 506_A10_A10_010.fcs
507,17-Feb,noBCG,Ch,noBCG-Ch,2,20.2,4.23,16,2.7,2.51,10.1,4.76,6.85,60,7.24,Specimen_011 507_A11_A11_011.fcs
508,17-Feb,noBCG,Challenged,noBCG-Ch,2,4.18,0.98,3.2,0.48,0.72,1.7,0.62,2.48,83.5,9.19,Specimen_012 508_A12_A12_012.fcs
509,17-Feb,noBCG,MockSed,Mock,3,17.7,4.54,13.2,2.75,2.23,6.64,1.8,14.5,53.5,9.01,Specimen_013 509_B1_B01_013.fcs
510,17-Feb,noBCG,Ch,noBCG-Ch,2,6.77,2.2,4.58,0.69,0.61,2.89,0.88,2.06,88.1,6.55,Specimen_014 510_B2_B02_014.fcs
511,17-Feb,noBCG,Ch,noBCG-Ch,2,26.3,8.51,17.8,3.24,2.92,10.5,4.98,10,53.3,8.37,Specimen_015 511_B3_B03_015.fcs
512,17-Feb,noBCG,PRRSVsed,PRRSVsed,3,22.9,8.26,14.7,2.3,1.81,9.01,2.04,10.4,49.1,14.3,Specimen_016 512_B4_B04_016.fcs
513,17-Feb,noBCG,PRRSVsed,PRRSVsed,3,13.2,3.99,9.17,1.86,1.79,4.86,0.99,3.4,76.7,8.21,Specimen_017 513_B5_B05_017.fcs
514,17-Feb,noBCG,PRRSVsed,PRRSVsed,3,19.5,8.48,11,2.21,1.3,6.96,3.42,5.3,45.5,4.04,Specimen_018 514_B6_B06_018.fcs
515,17-Feb,noBCG,PRRSVsed,PRRSVsed,3,15.2,4.01,11.2,1.74,1.38,6.53,2.1,4.33,60.1,7.17,Specimen_019 515_B7_B07_019.fcs
516,17-Feb,noBCG,Ch,noBCG-Ch,2,9.07,4.3,4.77,0.92,1.03,2.32,0.99,2.49,79.2,5.47,Specimen_020 516_B8_B08_020.fcs
517,17-Feb,noBCG,Ch,noBCG-Ch,2,1.64,0.5,1.14,0.16,0.38,0.54,3.05,0.32,88.1,5.9,Specimen_021 517_B9_B09_021.fcs
518,17-Feb,noBCG,Ch,noBCG-Ch,2,23.5,7.02,16.5,2.59,1.65,11.4,1.98,4.78,61.6,5.78,Specimen_022 518_B10_B10_022.fcs
519,17-Feb,noBCG,Crl,Mock,3,19.6,5.45,14.1,3.5,2.5,6.84,4.29,12.1,53.3,10.3,Specimen_023 519_B11_B11_023.fcs
520,17-Feb,noBCG,Crl,Mock,3,13.4,4.14,9.24,2.52,1.25,4.65,2.76,5.87,74.4,5.12,Specimen_024 520_B12_B12_024.fcs
521,17-Feb,noBCG,Crl,Mock,3,29.9,10.4,19.5,3.06,1.85,13,1.2,8.58,53.5,7.37,Specimen_025 521_C1_C01_025.fcs
522,17-Feb,noBCG,PRRSVsed,PRRSVsed,3,14,7.3,6.67,1,0.95,3.89,2,2.79,42.5,5.98,Specimen_026 522_C2_C02_026.fcs
523,17-Feb,noBCG,PRRSVsed,PRRSVsed,3,20.6,4.71,15.9,4.68,2.52,7.83,6.93,2.5,60.1,5.95,Specimen_027 523_C3_C03_027.fcs
524,17-Feb,noBCG,PRRSVsed,PRRSVsed,3,19.7,8.55,11.1,2.07,2.07,6.23,1.3,3.26,58.5,9.59,Specimen_028 524_C4_C04_028.fcs
525,17-Feb,noBCG,MockSed,Mock,3,29.1,9.93,19.2,5.73,2.18,10,13.9,9.54,31.6,4.41,Specimen_029 525_C5_C05_029.fcs
527,17-Feb,inBCG,Ch,inBCG-Ch,2,14.9,5.61,9.25,1.42,1.91,5.24,0.95,7.47,69.2,7.74,Specimen_030 527_C6_C06_030.fcs
528,17-Feb,inBCG,Ch,inBCG-Ch,2,14.8,2.6,12.2,3.03,1.45,7.2,6.45,5.26,64.2,7.27,Specimen_031 528_C7_C07_031.fcs
529,17-Feb,inBCG,Ch,inBCG-Ch,2,20.5,4.18,16.3,3.06,1.56,9.75,4.43,8.02,55.3,9.04,Specimen_032 529_C8_C08_032.fcs
530,17-Feb,inBCG,Ch,inBCG-Ch,2,22.4,11.7,10.7,2.05,1.65,5.84,0.8,5.7,45.4,5.83,Specimen_033 530_C9_C09_033.fcs
531,17-Feb,inBCG,Ch,inBCG-Ch,2,20.2,7.53,12.6,2.78,1.4,7.25,4.83,11.1,59.8,6.91,Specimen_034 531_C10_C10_034.fcs
532,17-Feb,inBCG,Ch,inBCG-Ch,2,27.5,8.59,18.9,2.63,1.76,12.8,0.88,2.45,61.2,14.8,Specimen_035 532_C11_C11_035.fcs
537,17-Feb,inBCG,Ch,inBCG-Ch,2,5.36,2.4,2.96,0.48,0.49,1.34,0.36,1.25,83.5,5.16,Specimen_036 537_C12_C12_036.fcs
539,17-Feb,inBCG,Ch,inBCG-Ch,2,21,4.38,16.6,2.63,1.77,10.8,0.52,4.75,64.9,6.18,Specimen_037 539_D1_D01_037.fcs
540,17-Feb,inBCG,Ch,inBCG-Ch,2,17.2,6.36,10.9,1.56,1.82,6.57,0.69,3.04,62.9,6.85,Specimen_038 540_D2_D02_038.fcs
541,17-Feb,inBCG,Ch,inBCG-Ch,2,15.1,4.05,11.1,3,1.47,5.87,2.59,6.67,73.7,6.26,Specimen_039 541_D3_D03_039.fcs
542,17-Feb,inBCG,Ch,inBCG-Ch,2,28.7,7.16,21.5,3.34,1.96,15.1,5.41,8.89,50.6,8.47,Specimen_040 542_D4_D04_040.fcs
547,17-Feb,inBCG,Ch,inBCG-Ch,2,21.6,8.3,13.3,2.53,1.85,8.06,4.99,8.55,54.4,6.81,Specimen_041 547_D5_D05_041.fcs
548,17-Feb,inBCG,Ch,inBCG-Ch,2,34.5,9.54,25,4.46,3.04,16.4,1.27,2.94,48.6,2.59,Specimen_042 548_D6_D06_042.fcs
549,17-Feb,inBCG,Crl,Mock,3,24.6,6.72,17.8,3.7,2.53,10.2,10.2,10.4,41.9,8.8,Specimen_043 549_D7_D07_043.fcs
550,17-Feb,inBCG,Crl,Mock,3,22.4,6.47,15.9,3.64,2.66,8.35,2.75,7.83,56.9,7.37,Specimen_044 550_D8_D08_044.fcs
551,17-Feb,inBCG,Crl,Mock,3,15.1,3.7,11.4,2.18,2.61,5.72,2.33,12.4,65.4,8.76,Specimen_045 551_D9_D09_045.fcs
552,17-Feb,inBCG,MockSed,Mock,3,21.8,5.82,16,2.7,1.53,10.8,2.8,8.5,62.5,8.33,Specimen_046 552_D10_D10_046.fcs
558,17-Feb,lvBCG,Ch,lvBCG-Ch,2,21.8,7.3,14.5,4.3,3.06,5.45,3.6,18.9,47.1,7.27,Specimen_047 558_D11_D11_047.fcs
559,17-Feb,lvBCG,Ch,lvBCG-Ch,2,19.9,4.01,15.8,2.83,2.15,9.95,1.69,2.12,68.9,7.38,Specimen_048 559_D12_D12_048.fcs
560,17-Feb,lvBCG,Ch,lvBCG-Ch,2,20.6,4.9,15.7,2.24,1.95,10,0.45,4.97,65.2,6.49,Specimen_049 560_E1_E01_049.fcs
561,17-Feb,lvBCG,Ch,lvBCG-Ch,2,14.5,4.33,10.2,2.04,2.21,5.07,2.81,7.82,68.6,12.4,Specimen_050 561_E2_E02_050.fcs
562,17-Feb,lvBCG,Ch,lvBCG-Ch,2,13.2,4.18,9.05,1.86,0.98,5.3,6.53,5.92,68.3,7.14,Specimen_051 562_E3_E03_051.fcs
563,17-Feb,lvBCG,Ch,lvBCG-Ch,2,26.9,6.99,19.9,2.8,2.37,13.2,4.51,13.8,49.2,8.38,Specimen_052 563_E4_E04_052.fcs
568,17-Feb,lvBCG,Ch,lvBCG-Ch,2,4.02,1.09,2.93,0.84,0.68,1.07,0.77,2.59,81.4,3.34,Specimen_053 568_E5_E05_053.fcs
569,17-Feb,lvBCG,Ch,lvBCG-Ch,2,2.28,0.49,1.79,0.44,0.48,0.64,2.82,0.96,87.7,5.77,Specimen_054 569_E6_E06_054.fcs
570,17-Feb,lvBCG,Ch,lvBCG-Ch,2,25.8,7.11,18.7,3.45,2.52,11,3.57,8.96,55.4,9.8,Specimen_055 570_E7_E07_055.fcs
571,17-Feb,lvBCG,Ch,lvBCG-Ch,2,6.14,3.92,2.23,0.39,0.49,0.91,0.33,3.26,81,6.6,Specimen_056 571_E8_E08_056.fcs
572,17-Feb,lvBCG,Ch,lvBCG-Ch,2,14.6,4.56,10.1,2.32,2.03,5.05,1.37,2.54,68.7,4.34,Specimen_057 572_E9_E09_057.fcs
573,17-Feb,lvBCG,Ch,lvBCG-Ch,2,26.3,8.11,18.2,3.59,2.62,11,6.41,10.4,52.4,6.86,Specimen_058 573_E10_E10_058.fcs
578,17-Feb,lvBCG,Crl,Mock,3,14,5.28,8.72,1.24,1.6,4.96,1.58,8.64,65.6,7.49,Specimen_059 578_E11_E11_059.fcs
579,17-Feb,lvBCG,Crl,Mock,3,25.6,6.32,19.3,4.34,2.42,11.7,1.37,5.57,59.1,9.18,Specimen_060 579_E12_E12_060.fcs
580,17-Feb,lvBCG,Crl,Mock,3,18.1,4.32,13.8,2.25,2.07,8.45,3.01,9.03,59.2,9.23,Specimen_061 580_F1_F01_061.fcs
581,17-Feb,lvBCG,Ch,lvBCG-Ch,2,16.1,4.44,11.7,1.94,1.64,7.26,8.64,9.1,56.6,9.45,Specimen_062 581_F2_F02_062.fcs
582,17-Feb,lvBCG,Ch,lvBCG-Ch,2,4.81,0.91,3.9,0.72,1.06,1.67,1.65,3.06,87.7,7.44,Specimen_063 582_F3_F03_063.fcs
600,17-Feb,noBCG,PRRSVsed,PRRSVsed,3,15.9,5.91,9.99,2.5,1.21,5.27,1.47,4.83,56,4.09,Specimen_064 600_F4_F04_064.fcs
496,19-Feb,noBCG,Ch,noBCG-Ch,4,21.7,10.9,10.8,1.63,0.72,7.35,0.97,8.38,56.8,1.39,Specimen_001 496_A1_A01_001.fcs
498,19-Feb,noBCG,Ch,noBCG-Ch,4,23.4,7.8,15.6,2.43,1.95,10.5,4.54,5.39,53.3,12,Specimen_002 498_A2_A02_002.fcs
499,19-Feb,noBCG,Ch,noBCG-Ch,4,6.05,3.11,2.93,0.58,0.58,1.22,0.96,3.12,79.3,4.39,Specimen_003 499_A3_A03_003.fcs
500,19-Feb,noBCG,Ch,noBCG-Ch,4,15.1,6.71,8.4,1.5,1.3,4.82,1.38,4.84,72.9,6.08,Specimen_004 500_A4_A04_004.fcs
501,19-Feb,noBCG,Ch,noBCG-Ch,4,27.7,9.48,18.2,3.27,1.51,11.8,4.78,10.4,50.8,7.7,Specimen_005 501_A5_A05_005.fcs
502,19-Feb,noBCG,PRRSVsed,PRRSVsed,5,29.6,10.7,18.9,3.84,2.09,11.5,1.59,5.62,53.2,10.5,Specimen_006 502_A6_A06_006.fcs
503,19-Feb,noBCG,PRRSVsed,PRRSVsed,5,10.5,3.67,6.82,1.49,1,3.66,0.8,1.59,83.1,4.48,Specimen_007 503_A7_A07_007.fcs
504,19-Feb,noBCG,PRRSVsed,PRRSVsed,5,16.5,6.57,9.88,2.01,0.76,5.97,1.82,3.71,69.8,7.79,Specimen_008 504_A8_A08_008.fcs
505,19-Feb,noBCG,PRRSVsed,PRRSVsed,5,17.6,6.88,10.8,1.92,0.92,6.77,4.57,4.1,55.7,6.68,Specimen_009 505_A9_A09_009.fcs
506,19-Feb,noBCG,Ch,noBCG-Ch,4,35.5,15.2,20.3,3.47,1.42,13.8,4.18,8.86,42.9,3.54,Specimen_010 506_A10_A10_010.fcs
507,19-Feb,noBCG,Ch,noBCG-Ch,4,17.8,4.46,13.4,2.41,1.19,8.43,5.15,5.95,61.3,3.88,Specimen_011 507_A11_A11_011.fcs
508,19-Feb,noBCG,Challenged,noBCG-Ch,4,22.3,9.16,13.2,3.2,1.33,7.66,5.04,4.35,50.7,4.91,Specimen_012 508_A12_A12_012.fcs
509,19-Feb,noBCG,MockSed,Mock,5,23.6,6.11,17.5,3.71,2.13,8.6,3.43,17.2,44.3,6.56,Specimen_013 509_B1_B01_013.fcs
510,19-Feb,noBCG,Ch,noBCG-Ch,4,29.4,11.3,18.1,2.91,1.46,12.5,3.36,3.79,55.8,5.54,Specimen_014 510_B2_B02_014.fcs
511,19-Feb,noBCG,Ch,noBCG-Ch,4,35.9,16.8,19.1,3.33,1.14,13.4,1.72,7.44,39.8,3.23,Specimen_015 511_B3_B03_015.fcs
512,19-Feb,noBCG,PRRSVsed,PRRSVsed,5,24.2,11.3,13,2.94,1.33,7.11,2.82,14.1,34,11.3,Specimen_016 512_B4_B04_016.fcs
513,19-Feb,noBCG,PRRSVsed,PRRSVsed,5,15.5,6.31,9.18,1.7,1.44,5.34,1.92,2.66,70.5,9.41,Specimen_017 513_B5_B05_017.fcs
514,19-Feb,noBCG,PRRSVsed,PRRSVsed,5,25.4,10.4,14.9,3.31,1.51,9.13,5.97,7,46.9,4.88,Specimen_018 514_B6_B06_018.fcs
515,19-Feb,noBCG,PRRSVsed,PRRSVsed,5,14.3,5.03,9.26,1.63,0.87,5.73,1.76,3.52,64.5,5.95,Specimen_019 515_B7_B07_019.fcs
516,19-Feb,noBCG,Ch,noBCG-Ch,4,23.4,11.3,12.1,1.79,1.13,8.42,1.77,3.96,65.4,6.56,Specimen_020 516_B8_B08_020.fcs
518,19-Feb,noBCG,Ch,noBCG-Ch,4,38.5,11.3,27.3,5.62,2.06,18.3,7.98,6.69,39.6,4.57,Specimen_021 518_B9_B09_021.fcs
519,19-Feb,noBCG,Crl,Mock,5,18.6,6.4,12.2,3,1.86,5.89,2.87,9.86,58.5,6.3,Specimen_022 519_B10_B10_022.fcs
520,19-Feb,noBCG,Crl,Mock,5,15.4,5.7,9.68,2.86,0.94,4.95,2.79,4.51,73.4,3.76,Specimen_023 520_B11_B11_023.fcs
521,19-Feb,noBCG,Crl,Mock,5,32,12,20,4.03,1.52,12.6,7.2,9.02,43,4.25,Specimen_024 521_B12_B12_024.fcs
522,19-Feb,noBCG,PRRSVsed,PRRSVsed,5,10.4,4.77,5.6,0.98,0.83,3.28,2.81,2.58,73.7,8.08,Specimen_025 522_C1_C01_025.fcs
523,19-Feb,noBCG,PRRSVsed,PRRSVsed,5,10.2,2.68,7.55,2.03,1.38,3.65,3.87,1.16,78.7,9.74,Specimen_026 523_C2_C02_026.fcs
524,19-Feb,noBCG,PRRSVsed,PRRSVsed,5,15,7.24,7.73,1.68,1.17,4.38,3.48,2.89,67.6,13.5,Specimen_027 524_C3_C03_027.fcs
525,19-Feb,noBCG,MockSed,Mock,5,31.8,12,19.7,5.64,1.69,10.7,8.88,9.38,38.2,3.13,Specimen_028 525_C4_C04_028.fcs
527,19-Feb,inBCG,Ch,inBCG-Ch,4,5.14,3.04,2.09,0.42,0.5,0.84,0.72,1.79,86,3.31,Specimen_029 527_C5_C05_029.fcs
528,19-Feb,inBCG,Ch,inBCG-Ch,4,14.7,2.62,12.1,2.97,1.1,7.2,4.95,4.68,66.2,4.67,Specimen_030 528_C6_C06_030.fcs
529,19-Feb,inBCG,Ch,inBCG-Ch,4,14.6,3.56,11,2.39,0.88,6.72,2.12,3.1,67,6.49,Specimen_031 529_C7_C07_031.fcs
530,19-Feb,inBCG,Ch,inBCG-Ch,4,31.3,15,16.3,4.3,1.99,8.93,4.1,9.33,38.3,9.82,Specimen_032 530_C8_C08_032.fcs
531,19-Feb,inBCG,Ch,inBCG-Ch,4,32.8,13.9,18.8,3.64,1.36,11.9,1.1,8.5,49.4,3.88,Specimen_033 531_C9_C09_033.fcs
532,19-Feb,inBCG,Ch,inBCG-Ch,4,22.4,10,12.4,2.52,0.88,8.3,3.28,1.97,63.5,6.67,Specimen_034 532_C10_C10_034.fcs
537,19-Feb,inBCG,Ch,inBCG-Ch,4,29.7,17.7,12,2.48,1.06,7.61,2.17,3.75,53.1,6,Specimen_035 537_C11_C11_035.fcs
539,19-Feb,inBCG,Ch,inBCG-Ch,4,34.5,9.06,25.4,5.01,1.67,17,3.93,10,41.4,7.5,Specimen_036 539_C12_C12_036.fcs
540,19-Feb,inBCG,Ch,inBCG-Ch,4,22.3,9.28,13,2.4,1.53,8.22,3.29,3.78,57.8,13.6,Specimen_037 540_D1_D01_037.fcs
541,19-Feb,inBCG,Ch,inBCG-Ch,4,20.9,10.7,10.2,2.42,1.46,5.17,2.54,6.57,59.9,6.11,Specimen_038 541_D2_D02_038.fcs
542,19-Feb,inBCG,Ch,inBCG-Ch,4,15,6.17,8.86,1.38,0.58,6.21,1.2,2.79,74.4,3.69,Specimen_039 542_D3_D03_039.fcs
547,19-Feb,inBCG,Ch,inBCG-Ch,4,22.8,11.9,11,1.55,0.95,7.06,0.47,4.57,65.7,5.78,Specimen_040 547_D4_D04_040.fcs
548,19-Feb,inBCG,Ch,inBCG-Ch,4,38.2,11.7,26.5,5.98,1.79,17.9,3.36,2.71,43.4,4.36,Specimen_041 548_D5_D05_041.fcs
549,19-Feb,inBCG,Crl,Mock,5,27.8,8.07,19.8,5.14,2.09,10.1,11,8.36,44.4,5.05,Specimen_042 549_D6_D06_042.fcs
550,19-Feb,inBCG,Crl,Mock,5,27.8,9.3,18.5,5.16,1.93,9.48,6.15,9.58,46,6.14,Specimen_043 550_D7_D07_043.fcs
551,19-Feb,inBCG,Crl,Mock,5,20.6,5.88,14.7,2.96,2.32,8.04,2.84,13.7,57.8,7.53,Specimen_044 551_D8_D08_044.fcs
552,19-Feb,inBCG,MockSed,Mock,5,30.3,10.2,20,4.09,1.12,12.4,4.71,11.1,46.4,4.29,Specimen_045 552_D9_D09_045.fcs
558,19-Feb,lvBCG,Ch,lvBCG-Ch,4,27.1,12.7,14.5,3.55,1.89,6.79,3.29,18.1,46.3,3.91,Specimen_046 558_D10_D10_046.fcs
559,19-Feb,lvBCG,Ch,lvBCG-Ch,4,11.8,3.47,8.34,2.13,0.77,4.96,4.88,1.21,73.4,3.26,Specimen_047 559_D11_D11_047.fcs
560,19-Feb,lvBCG,Ch,lvBCG-Ch,4,32.2,11.7,20.5,3.99,1.9,12.4,2.63,8.16,40.6,7.23,Specimen_048 560_D12_D12_048.fcs
561,19-Feb,lvBCG,Ch,lvBCG-Ch,4,35.1,16.5,18.6,3.54,2.11,10.8,1.56,12.1,29.2,3.01,Specimen_049 561_E1_E01_049.fcs
562,19-Feb,lvBCG,Ch,lvBCG-Ch,4,17.2,6.34,10.9,2.21,0.91,6.27,3.18,5,70.8,5.56,Specimen_050 562_E2_E02_050.fcs
563,19-Feb,lvBCG,Ch,lvBCG-Ch,4,29.8,10.5,19.3,3.25,1.21,13.9,1.44,6.94,44.7,2.4,Specimen_051 563_E3_E03_051.fcs
568,19-Feb,lvBCG,Ch,lvBCG-Ch,4,11.9,6.72,5.17,0.99,0.46,3.08,0.5,4.07,74.4,8.18,Specimen_052 568_E4_E04_052.fcs
569,19-Feb,lvBCG,Ch,lvBCG-Ch,4,17.6,6.51,11.1,2.06,1.37,7.03,6.32,3.92,44.4,9.52,Specimen_053 569_E5_E05_053.fcs
570,19-Feb,lvBCG,Ch,lvBCG-Ch,4,40.5,15.8,24.7,5.54,1.98,13.5,2.3,4.41,39.2,3.97,Specimen_054 570_E6_E06_054.fcs
571,19-Feb,lvBCG,Ch,lvBCG-Ch,4,24.6,12.4,12.1,2.31,1.14,6.78,1.04,9.07,56.4,9.92,Specimen_055 571_E7_E07_055.fcs
572,19-Feb,lvBCG,Ch,lvBCG-Ch,4,15.9,6.8,9.13,2.34,1.62,4.71,3.08,2.2,70,7.84,Specimen_056 572_E8_E08_056.fcs
573,19-Feb,lvBCG,Ch,lvBCG-Ch,4,8,5.07,2.93,0.56,0.31,1.56,0.97,2.85,75.1,3.2,Specimen_057 573_E9_E09_057.fcs
578,19-Feb,lvBCG,Crl,Mock,5,26.6,10.8,15.8,2.61,2.16,8.82,2.27,14.6,50.5,4.36,Specimen_058 578_E10_E10_058.fcs
579,19-Feb,lvBCG,Crl,Mock,5,30.6,8.54,22.1,5.74,1.97,12.6,5.24,6.07,49.5,4.65,Specimen_059 579_E11_E11_059.fcs
580,19-Feb,lvBCG,Crl,Mock,5,25.4,7.19,18.3,4.19,1.71,9.91,3.43,9.21,57.4,5.51,Specimen_060 580_E12_E12_060.fcs
581,19-Feb,lvBCG,Ch,lvBCG-Ch,4,28.8,10.7,18,2.66,2.01,11.8,5.79,9.67,47.9,5.8,Specimen_061 581_F1_F01_061.fcs
582,19-Feb,lvBCG,Ch,lvBCG-Ch,4,10.5,2.73,7.73,1.55,1.59,3.94,2.31,2.58,75.4,5.54,Specimen_062 582_F2_F02_062.fcs
600,19-Feb,noBCG,PRRSVsed,PRRSVsed,5,14.9,6.86,8.05,2.46,0.95,3.72,4.5,8.5,63.7,9.47,Specimen_063 600_F3_F03_063.fcs
496,22-Feb,noBCG,Ch,noBCG-Ch,7,14.1,5.04,9.03,1.83,1.26,4.82,1.7,4.76,76.6,15.2,Specimen_001 496_A1_A01_001.fcs
498,22-Feb,noBCG,Ch,noBCG-Ch,7,22.3,6.97,15.3,3.73,1.58,8.62,9.28,6.51,51.6,13.9,Specimen_002 498_A2_A02_002.fcs
499,22-Feb,noBCG,Ch,noBCG-Ch,7,22.8,7.31,15.4,3.5,2.18,7.88,6.21,5.57,52.1,13.5,Specimen_003 499_A3_A03_003.fcs
500,22-Feb,noBCG,Ch,noBCG-Ch,7,12,3.34,8.64,1.72,1.46,4.63,0.78,3.05,80.7,7.72,Specimen_004 500_A4_A04_004.fcs
501,22-Feb,noBCG,Ch,noBCG-Ch,7,30.3,12.4,17.8,3.3,1.82,10.6,2.14,5.93,54.9,7.36,Specimen_005 501_A5_A05_005.fcs
502,22-Feb,noBCG,PRRSVsed,PRRSVsed,8,23,5.29,17.7,5.95,1.85,8.51,2.02,10.8,54,7.42,Specimen_006 502_A6_A06_006.fcs
503,22-Feb,noBCG,PRRSVsed,PRRSVsed,8,13.7,3.48,10.2,3.78,1.34,3.51,4.74,6.75,68.9,5.43,Specimen_007 503_A7_A07_007.fcs
504,22-Feb,noBCG,PRRSVsed,PRRSVsed,8,21.7,5.77,15.9,5.08,1,8.42,3.28,6.22,63.6,7.44,Specimen_008 504_A8_A08_008.fcs
505,22-Feb,noBCG,PRRSVsed,PRRSVsed,8,23.2,5.81,17.4,4.16,0.95,9.8,3.55,7.8,60.1,3.87,Specimen_009 505_A9_A09_009.fcs
506,22-Feb,noBCG,Ch,noBCG-Ch,7,35.2,16.2,19,3.61,1.52,11.7,16.8,5.35,31.7,8.92,Specimen_010 506_A10_A10_010.fcs
507,22-Feb,noBCG,Ch,noBCG-Ch,7,22.3,4.8,17.4,3.46,1.55,9.93,3.24,5.15,60.2,4.3,Specimen_011 507_A11_A11_011.fcs
508,22-Feb,noBCG,Challenged,noBCG-Ch,7,25.2,6.97,18.2,4.9,1.75,9.99,3.55,8.48,52.9,13.2,Specimen_012 508_A12_A12_012.fcs
509,22-Feb,noBCG,MockSed,Mock,8,10.6,2.92,7.66,1.7,1.05,3.85,0.37,8,70.6,3.3,Specimen_013 509_B1_B01_013.fcs
510,22-Feb,noBCG,Ch,noBCG-Ch,7,14.2,3.9,10.3,2.47,0.73,5.96,1.57,3.5,66.1,5.29,Specimen_014 510_B2_B02_014.fcs
511,22-Feb,noBCG,Ch,noBCG-Ch,7,18,5.19,12.8,3.98,1.53,5.56,11.4,4.24,58.9,11,Specimen_015 511_B3_B03_015.fcs
512,22-Feb,noBCG,PRRSVsed,PRRSVsed,8,18.8,4.69,14.1,4.94,1.35,5.71,4.01,18,48.9,10.9,Specimen_016 512_B4_B04_016.fcs
513,22-Feb,noBCG,PRRSVsed,PRRSVsed,8,17.1,4.84,12.2,4.74,1.2,4.94,1.45,7.96,68.5,5.12,Specimen_017 513_B5_B05_017.fcs
514,22-Feb,noBCG,PRRSVsed,PRRSVsed,8,12.8,4.14,8.57,2.73,0.52,4.22,1.2,3.6,70.9,2.75,Specimen_018 514_B6_B06_018.fcs
515,22-Feb,noBCG,PRRSVsed,PRRSVsed,8,16.4,3.85,12.5,3.12,1.05,6.8,3.85,6.53,60,5.91,Specimen_019 515_B7_B07_019.fcs
516,22-Feb,noBCG,Ch,noBCG-Ch,7,21.3,9.92,11.4,2.07,1.15,6.34,2.21,6.09,61.8,10.7,Specimen_020 516_B8_B08_020.fcs
518,22-Feb,noBCG,Ch,noBCG-Ch,7,29.3,7.51,21.7,4.8,1.55,13.8,2.52,6.58,52.6,8.27,Specimen_021 518_B9_B09_021.fcs
519,22-Feb,noBCG,Crl,Mock,8,19.7,6.35,13.3,3.71,1.94,5.82,7.03,10.8,50.6,4.95,Specimen_022 519_B10_B10_022.fcs
520,22-Feb,noBCG,Crl,Mock,8,19.9,6.83,13,3.61,1.39,5.33,1.5,8,67.2,3.38,Specimen_023 520_B11_B11_023.fcs
521,22-Feb,noBCG,Crl,Mock,8,32.5,11.4,21,4.41,1.71,11.4,7.42,11.2,41,2.99,Specimen_024 521_B12_B12_024.fcs
522,22-Feb,noBCG,PRRSVsed,PRRSVsed,8,16.3,6.17,10.1,2.16,0.84,4.79,3.76,4.92,43.8,4.18,Specimen_025 522_C1_C01_025.fcs
523,22-Feb,noBCG,PRRSVsed,PRRSVsed,8,14.5,2.51,12,5.04,1.2,4.91,3.05,2.91,72.8,5.38,Specimen_026 523_C2_C02_026.fcs
524,22-Feb,noBCG,PRRSVsed,PRRSVsed,8,14.5,3.85,10.6,2.87,1.82,4.53,3.24,4.61,72.9,13.6,Specimen_027 524_C3_C03_027.fcs
525,22-Feb,noBCG,MockSed,Mock,8,31.8,8.09,23.6,6.51,2.48,10.2,10.4,10.6,39.8,3.62,Specimen_028 525_C4_C04_028.fcs
527,22-Feb,inBCG,Ch,inBCG-Ch,7,28.1,9.56,18.5,3.55,3.12,9.4,3.03,4.23,56.8,7.81,Specimen_029 527_C5_C05_029.fcs
528,22-Feb,inBCG,Ch,inBCG-Ch,7,23.7,3.12,20.6,5.92,2,10.6,7.56,3.74,51.6,9.31,Specimen_030 528_C6_C06_030.fcs
529,22-Feb,inBCG,Ch,inBCG-Ch,7,14.6,2.04,12.5,3.38,1.09,6.5,3.34,3.39,73.2,8.71,Specimen_031 529_C7_C07_031.fcs
530,22-Feb,inBCG,Ch,inBCG-Ch,7,16,5.85,10.1,2.92,1.3,4.44,1.81,6.08,67,15,Specimen_032 530_C8_C08_032.fcs
531,22-Feb,inBCG,Ch,inBCG-Ch,7,26.6,8.04,18.6,3.88,1.86,9.61,1.69,6.85,62.6,6,Specimen_033 531_C9_C09_033.fcs
532,22-Feb,inBCG,Ch,inBCG-Ch,7,20.1,4.91,15.2,4.09,1.12,8.49,4.78,3.94,65.1,7.98,Specimen_034 532_C10_C10_034.fcs
537,22-Feb,inBCG,Ch,inBCG-Ch,7,17.3,9.04,8.27,2.31,0.8,3.41,1.9,4.46,69.9,10,Specimen_035 537_C11_C11_035.fcs
539,22-Feb,inBCG,Ch,inBCG-Ch,7,21.1,3.4,17.7,5.54,1.32,8.39,2.64,16.4,52.3,8.91,Specimen_036 539_C12_C12_036.fcs
540,22-Feb,inBCG,Ch,inBCG-Ch,7,13.9,4.15,9.68,2.16,1.16,5.3,1.87,5.47,65.7,10.5,Specimen_037 540_D1_D01_037.fcs
541,22-Feb,inBCG,Ch,inBCG-Ch,7,16.1,4.71,11.3,3.71,1.67,4.59,7.28,4.03,70.4,11.4,Specimen_038 541_D2_D02_038.fcs
542,22-Feb,inBCG,Ch,inBCG-Ch,7,25.4,4.68,20.7,7.02,2.62,8.97,5.02,9.75,52.4,9.41,Specimen_039 542_D3_D03_039.fcs
547,22-Feb,inBCG,Ch,inBCG-Ch,7,25.3,9.36,15.9,3.08,1.52,7.47,11.3,4.86,51.3,9.58,Specimen_040 547_D4_D04_040.fcs
548,22-Feb,inBCG,Ch,inBCG-Ch,7,12.7,2.24,10.4,2.83,0.67,6.04,2.13,2.29,79.3,8.5,Specimen_041 548_D5_D05_041.fcs
549,22-Feb,inBCG,Crl,Mock,8,25.2,6.52,18.6,3.76,2.99,9.16,3.38,9.48,56.8,5.08,Specimen_042 549_D6_D06_042.fcs
550,22-Feb,inBCG,Crl,Mock,8,21.2,7.52,13.7,3.63,1.84,5.71,2.29,8.69,61.8,4.43,Specimen_043 550_D7_D07_043.fcs
551,22-Feb,inBCG,Crl,Mock,8,18.8,3.63,15.1,3.07,2.59,7.44,2,13.7,61,5.43,Specimen_044 551_D8_D08_044.fcs
552,22-Feb,inBCG,MockSed,Mock,8,22,6.61,15.4,3.49,1,8.4,2.1,10.9,59.1,2.76,Specimen_045 552_D9_D09_045.fcs
558,22-Feb,lvBCG,Ch,lvBCG-Ch,7,22.1,8.84,13.2,2.83,1.71,4.33,0.53,13.1,56.4,3.59,Specimen_046 558_D10_D10_046.fcs
559,22-Feb,lvBCG,Ch,lvBCG-Ch,7,9.7,1.26,8.39,2.72,0.75,4.06,2.09,1.37,83.5,16.7,Specimen_047 559_D11_D11_047.fcs
560,22-Feb,lvBCG,Ch,lvBCG-Ch,7,14.8,3.01,11.7,3.63,1.26,4.82,3.3,6.25,69.1,16.2,Specimen_048 560_D12_D12_048.fcs
561,22-Feb,lvBCG,Ch,lvBCG-Ch,7,19.3,5.36,14,3.72,2.67,5.61,6.7,8.06,57.6,15.8,Specimen_049 561_E1_E01_049.fcs
562,22-Feb,lvBCG,Ch,lvBCG-Ch,7,13.5,3.76,9.71,1.99,0.97,4.81,4.93,3.58,74.3,7.08,Specimen_050 562_E2_E02_050.fcs
563,22-Feb,lvBCG,Ch,lvBCG-Ch,7,5.67,0.92,4.69,1.01,0.6,2.39,1.55,2.22,65.9,6.31,Specimen_051 563_E3_E03_051.fcs
568,22-Feb,lvBCG,Ch,lvBCG-Ch,7,9.96,2.9,7,1.5,0.81,3.2,0.79,1.84,81.5,16.6,Specimen_052 568_E4_E04_052.fcs
569,22-Feb,lvBCG,Ch,lvBCG-Ch,7,4.17,0.57,3.58,0.72,0.43,2.01,3.79,0.89,88.8,16.4,Specimen_053 569_E5_E05_053.fcs
570,22-Feb,lvBCG,Ch,lvBCG-Ch,7,30.8,4.66,26.1,6.02,3.52,12,2.57,14.3,51,14,Specimen_054 570_E6_E06_054.fcs
571,22-Feb,lvBCG,Ch,lvBCG-Ch,7,9.64,2.31,7.23,2,0.72,1.99,1.14,5.42,79.1,20.3,Specimen_055 571_E7_E07_055.fcs
572,22-Feb,lvBCG,Ch,lvBCG-Ch,7,9.42,1.68,7.71,2.65,1.18,3.03,5.83,2.83,78.8,12.5,Specimen_056 572_E8_E08_056.fcs
573,22-Feb,lvBCG,Ch,lvBCG-Ch,7,19.8,5.76,14,3.22,1.68,6.6,4.16,6.7,64,10.8,Specimen_057 573_E9_E09_057.fcs
578,22-Feb,lvBCG,Crl,Mock,8,16.6,5.13,11.4,2.23,1.55,5.47,5.74,14.7,58.5,3.32,Specimen_058 578_E10_E10_058.fcs
579,22-Feb,lvBCG,Crl,Mock,8,14.5,1.69,12.7,3.46,1.48,5.79,3.94,4.24,75.9,6.32,Specimen_059 579_E11_E11_059.fcs
580,22-Feb,lvBCG,Crl,Mock,8,14.6,2.13,12.4,2.46,1.85,6.05,2.85,8.26,73.1,9.3,Specimen_060 580_E12_E12_060.fcs
581,22-Feb,lvBCG,Ch,lvBCG-Ch,7,12.8,3.24,9.53,1.52,1.29,5.7,1.4,5.24,72.9,9.05,Specimen_061 581_F1_F01_061.fcs
582,22-Feb,lvBCG,Ch,lvBCG-Ch,7,9.61,1.9,7.67,2.04,1.45,3.11,3.05,3.03,79.2,6.6,Specimen_062 582_F2_F02_062.fcs
600,22-Feb,noBCG,PRRSVsed,PRRSVsed,8,16,3.84,12.1,5.38,0.82,3.76,4.27,15.2,43.3,4.41,Specimen_063 600_F3_F03_063.fcs
496,25-Feb,noBCG,Ch,noBCG-Ch,10,8.9,3.7,5.2,1.53,0.78,2.45,2.57,9.54,68,8.36,Specimen_001 496_A1_A01_001.fcs
498,25-Feb,noBCG,Ch,noBCG-Ch,10,12.9,2.19,10.8,5.58,1.27,3,3,12.4,60,8.36,Specimen_002 498_A2_A02_002.fcs
499,25-Feb,noBCG,Ch,noBCG-Ch,10,9.36,2.84,6.51,2.17,1.28,2.28,3.36,5.07,58.9,21.5,Specimen_003 499_A3_A03_003.fcs
500,25-Feb,noBCG,Ch,noBCG-Ch,10,11.7,3.4,8.25,2.59,1.6,3.45,2.63,6.48,72.3,12.5,Specimen_004 500_A4_A04_004.fcs
501,25-Feb,noBCG,Ch,noBCG-Ch,10,19.5,6.59,12.9,3.63,2.33,5.89,3.29,9.47,59,15.8,Specimen_005 501_A5_A05_005.fcs
502,25-Feb,noBCG,PRRSVsed,PRRSVsed,11,19.2,2.42,16.7,6.75,1.85,6.86,2.71,15.2,50.9,7.96,Specimen_006 502_A6_A06_006.fcs
503,25-Feb,noBCG,PRRSVsed,PRRSVsed,11,12.2,2.69,9.49,4.56,1.04,2.64,3.13,12.9,64.4,3.97,Specimen_007 503_A7_A07_007.fcs
504,25-Feb,noBCG,PRRSVsed,PRRSVsed,11,18.3,3.24,15,7.72,0.91,5.22,6.53,6.96,62.8,9.66,Specimen_008 504_A8_A08_008.fcs
505,25-Feb,noBCG,PRRSVsed,PRRSVsed,11,17.9,2.75,15.2,5.59,1.4,7.14,3.25,8.52,58.3,3.05,Specimen_009 505_A9_A09_009.fcs
506,25-Feb,noBCG,Ch,noBCG-Ch,10,23.6,8.81,14.7,3.89,1.9,8.04,4.6,6.76,45.4,16.2,Specimen_010 506_A10_A10_010.fcs
507,25-Feb,noBCG,Ch,noBCG-Ch,10,6.22,1.55,4.66,0.91,0.69,2.74,1.03,3.01,80.9,9.14,Specimen_011 507_A11_A11_011.fcs
508,25-Feb,noBCG,Challenged,noBCG-Ch,10,13.5,2.09,11.4,6.46,0.93,2.78,4.25,14.2,57.4,7.64,Specimen_012 508_A12_A12_012.fcs
509,25-Feb,noBCG,MockSed,Mock,11,11.2,3.32,7.85,1.72,1.88,3.08,5.42,16.2,56.2,15.6,Specimen_013 509_B1_B01_013.fcs
510,25-Feb,noBCG,Ch,noBCG-Ch,10,10.7,2.86,7.84,2.93,1.13,3.19,3.41,4.59,57.6,8.38,Specimen_014 510_B2_B02_014.fcs
511,25-Feb,noBCG,Ch,noBCG-Ch,10,11.9,1.18,10.7,4.54,1.19,4.45,2.84,6.59,76,12.2,Specimen_015 511_B3_B03_015.fcs
512,25-Feb,noBCG,PRRSVsed,PRRSVsed,11,13.5,1.2,12.2,3.83,2.05,5.47,1.87,11.5,67.1,13.6,Specimen_016 512_B4_B04_016.fcs
513,25-Feb,noBCG,PRRSVsed,PRRSVsed,11,12.3,1.42,10.9,5.69,1.35,3.06,2.14,7.54,76.7,8.5,Specimen_017 513_B5_B05_017.fcs
514,25-Feb,noBCG,PRRSVsed,PRRSVsed,11,10.3,1.62,8.62,4.23,0.9,2.53,1.65,4.42,80.2,4.86,Specimen_018 514_B6_B06_018.fcs
515,25-Feb,noBCG,PRRSVsed,PRRSVsed,11,9.49,1.09,8.38,2.7,1.12,3.76,1.56,4.58,77.9,4.85,Specimen_019 515_B7_B07_019.fcs
516,25-Feb,noBCG,Ch,noBCG-Ch,10,13.3,4.98,8.31,2.27,1.2,4.13,1.51,7.29,68.5,11.1,Specimen_020 516_B8_B08_020.fcs
518,25-Feb,noBCG,Ch,noBCG-Ch,10,27.4,3.14,24.3,10.9,2.03,10.3,4.85,9.37,51.1,6.32,Specimen_022 518_B10_B10_022.fcs
519,25-Feb,noBCG,Crl,Mock,11,10.3,3.02,7.29,1.84,1.88,2.98,1.34,7.37,75.8,13,Specimen_023 519_B11_B11_023.fcs
520,25-Feb,noBCG,Crl,Mock,11,12.3,3.4,8.94,2.56,1.65,3.99,1.45,7.27,74.1,6.68,Specimen_024 520_B12_B12_024.fcs
521,25-Feb,noBCG,Crl,Mock,11,20.2,7.48,12.8,2.73,1.64,6.96,1.96,11.6,58.2,8.88,Specimen_025 521_C1_C01_025.fcs
522,25-Feb,noBCG,PRRSVsed,PRRSVsed,11,9.97,2.35,7.6,1.7,0.99,4.2,2.18,6.49,69.8,6.47,Specimen_026 522_C2_C02_026.fcs
523,25-Feb,noBCG,PRRSVsed,PRRSVsed,11,13.2,1.86,11.3,5.88,1.64,3.14,2.6,3.48,74.4,7.19,Specimen_027 523_C3_C03_027.fcs
524,25-Feb,noBCG,PRRSVsed,PRRSVsed,11,17.7,4.94,12.7,4.18,2.68,4.85,4.62,11.3,59,13.3,Specimen_028 524_C4_C04_028.fcs
525,25-Feb,noBCG,MockSed,Mock,11,22.6,8.01,14.6,4.59,1.92,6.79,7.44,12.7,45.9,7.36,Specimen_029 525_C5_C05_029.fcs
527,25-Feb,inBCG,Ch,inBCG-Ch,10,11,3.38,7.6,3.01,1.25,2.57,3.3,8.09,70.9,9.04,Specimen_030 527_C6_C06_030.fcs
528,25-Feb,inBCG,Ch,inBCG-Ch,10,8.49,0.82,7.66,2.67,1.14,3.62,6.92,2.26,79.1,13.9,Specimen_031 528_C7_C07_031.fcs
529,25-Feb,inBCG,Ch,inBCG-Ch,10,12.6,1.25,11.4,4.87,1.32,4.09,2.1,9.06,65.7,6.21,Specimen_032 529_C8_C08_032.fcs
530,25-Feb,inBCG,Ch,inBCG-Ch,10,16.5,4.57,11.9,4.08,3.09,3.81,4.2,9.79,56.7,14.6,Specimen_033 530_C9_C09_033.fcs
531,25-Feb,inBCG,Ch,inBCG-Ch,10,18.7,4.94,13.8,3.6,1.83,7.37,2.54,7.38,64.6,12.9,Specimen_034 531_C10_C10_034.fcs
532,25-Feb,inBCG,Ch,inBCG-Ch,10,22.3,5.05,17.2,6.21,2.24,7.63,2.73,5.12,61.3,8.88,Specimen_035 532_C11_C11_035.fcs
537,25-Feb,inBCG,Ch,inBCG-Ch,10,12.7,5.56,7.13,3.03,1.19,2.33,2.78,5.1,67.4,6.98,Specimen_036 537_C12_C12_036.fcs
539,25-Feb,inBCG,Ch,inBCG-Ch,10,9.86,0.94,8.91,3.88,0.78,3.21,3.32,15.9,65,6.84,Specimen_037 539_D1_D01_037.fcs
540,25-Feb,inBCG,Ch,inBCG-Ch,10,11.6,2.49,9.11,2.97,1.87,3.28,3.17,10.3,56.1,11.9,Specimen_038 540_D2_D02_038.fcs
541,25-Feb,inBCG,Ch,inBCG-Ch,10,12.1,2.27,9.85,4.93,1.98,2.53,5.6,6.06,73.5,15.3,Specimen_039 541_D3_D03_039.fcs
542,25-Feb,inBCG,Ch,inBCG-Ch,10,21.3,2.87,18.4,6.54,2.39,8.26,2.4,13.6,54.4,9.79,Specimen_040 542_D4_D04_040.fcs
547,25-Feb,inBCG,Ch,inBCG-Ch,10,9.23,3.42,5.79,1.94,0.7,1.86,5.36,6.79,58.1,11.5,Specimen_041 547_D5_D05_041.fcs
548,25-Feb,inBCG,Ch,inBCG-Ch,10,10.9,1.7,9.16,3.51,1.13,4.07,3.61,2.9,77.3,5.55,Specimen_042 548_D6_D06_042.fcs
549,25-Feb,inBCG,Crl,Mock,11,15,3.91,11.1,2.67,2.08,5.22,3.7,11.3,62,11.7,Specimen_043 549_D7_D07_043.fcs
550,25-Feb,inBCG,Crl,Mock,11,16.4,5.57,10.8,2.86,2.1,4.43,2.97,11.6,59.7,7.82,Specimen_044 550_D8_D08_044.fcs
551,25-Feb,inBCG,Crl,Mock,11,12.1,2.78,9.34,1.74,2.56,4.2,2.55,12.6,68.3,9.17,Specimen_045 551_D9_D09_045.fcs
552,25-Feb,inBCG,MockSed,Mock,11,17.8,6,11.8,2.71,1.35,6.53,3.11,16.4,56,4.6,Specimen_046 552_D10_D10_046.fcs
558,25-Feb,lvBCG,Ch,lvBCG-Ch,10,29.5,9.59,19.9,6.47,5.1,6.37,3.59,14,40.4,8.27,Specimen_047 558_D11_D11_047.fcs
559,25-Feb,lvBCG,Ch,lvBCG-Ch,10,11.9,1.22,10.6,5.42,1.31,3.59,4.5,3.26,75.7,13.8,Specimen_048 559_D12_D12_048.fcs
560,25-Feb,lvBCG,Ch,lvBCG-Ch,10,11.6,1.78,9.82,4.55,1.14,3.02,3.06,7.73,60,8.89,Specimen_049 560_E1_E01_049.fcs
561,25-Feb,lvBCG,Ch,lvBCG-Ch,10,13.5,4.05,9.44,2.76,2.24,3.53,4.26,7.55,57.8,18.4,Specimen_050 561_E2_E02_050.fcs
562,25-Feb,lvBCG,Ch,lvBCG-Ch,10,10.8,3.16,7.59,2.17,0.81,3.68,4.25,6.85,71.6,16,Specimen_051 562_E3_E03_051.fcs
563,25-Feb,lvBCG,Ch,lvBCG-Ch,10,6.9,1.28,5.62,1.99,0.7,2.24,3.48,3.92,81.9,8.63,Specimen_052 566_E4_E04_052.fcs
568,25-Feb,lvBCG,Ch,lvBCG-Ch,10,8.34,2.22,6.11,1.91,1.14,2.49,1.32,4.67,78.9,17.3,Specimen_053 568_E5_E05_053.fcs
569,25-Feb,lvBCG,Ch,lvBCG-Ch,10,4.98,0.52,4.46,2.12,0.8,1.36,5.57,1.55,85.4,14.2,Specimen_054 569_E6_E06_054.fcs
570,25-Feb,lvBCG,Ch,lvBCG-Ch,10,25.2,3.42,21.7,9.71,2.57,7.17,6.73,12.7,47.3,16.2,Specimen_055 570_E7_E07_055.fcs
571,25-Feb,lvBCG,Ch,lvBCG-Ch,10,5.9,1.03,4.86,2.33,0.83,1.13,2,3.19,79.5,19.4,Specimen_056 571_E8_E08_056.fcs
572,25-Feb,lvBCG,Ch,lvBCG-Ch,10,8.72,1.3,7.41,3.63,1.4,1.99,6.65,3.22,71.2,9.81,Specimen_057 572_E9_E09_057.fcs
573,25-Feb,lvBCG,Ch,lvBCG-Ch,10,14.5,3.82,10.7,3.96,1.36,4.67,4.31,10.9,64.2,10.7,Specimen_058 573_E10_E10_058.fcs
578,25-Feb,lvBCG,Crl,Mock,11,13.2,4.24,8.93,1.61,1.6,4.6,1.66,15.4,59.5,8.37,Specimen_059 578_E11_E11_059.fcs
579,25-Feb,lvBCG,Crl,Mock,11,13.8,3.86,9.94,3.17,1.74,4.26,2.86,6.3,69.4,9.7,Specimen_060 579_E12_E12_060.fcs
580,25-Feb,lvBCG,Crl,Mock,11,9.7,2.76,6.94,1.64,1.32,3.27,2.43,8.85,62.1,11.1,Specimen_061 580_F1_F01_061.fcs
581,25-Feb,lvBCG,Ch,lvBCG-Ch,10,13.9,3.49,10.4,2.1,1.9,5.43,1.99,5.06,63.2,15.1,Specimen_062 581_F2_F02_062.fcs
582,25-Feb,lvBCG,Ch,lvBCG-Ch,10,7.76,1.11,6.65,2.04,1.68,2.54,2.21,4.12,82.2,8.05,Specimen_063 582_F3_F03_063.fcs
600,25-Feb,noBCG,PRRSVsed,PRRSVsed,11,15,2.11,12.9,6.6,1.34,3.17,2.41,15,54.8,7.22,Specimen_064 60_F4_F04_064.fcs